-- phpMyAdmin SQL Dump
-- version 4.1.12
-- http://www.phpmyadmin.net
--
-- Host: 127.0.0.1
-- Generation Time: Jul 20, 2015 at 10:57 AM
-- Server version: 5.6.16
-- PHP Version: 5.5.11

SET SQL_MODE = "NO_AUTO_VALUE_ON_ZERO";
SET time_zone = "+00:00";


/*!40101 SET @OLD_CHARACTER_SET_CLIENT=@@CHARACTER_SET_CLIENT */;
/*!40101 SET @OLD_CHARACTER_SET_RESULTS=@@CHARACTER_SET_RESULTS */;
/*!40101 SET @OLD_COLLATION_CONNECTION=@@COLLATION_CONNECTION */;
/*!40101 SET NAMES utf8 */;

--
-- Database: `cyms`
--

DELIMITER $$
--
-- Functions
--
CREATE DEFINER=`root`@`localhost` FUNCTION `fnExitPassNo`() RETURNS varchar(20) CHARSET utf8
    DETERMINISTIC
BEGIN
    DECLARE ExitpassSerial VARCHAR(20);
    DECLARE IDDatedSequence INT(5); /* RECENTLY USED 'DATED' SEQUENCE */
    DECLARE DateSequence VARCHAR(6);
    DECLARE DateSequenceFormat VARCHAR(6);
    DECLARE IDDatedSequenceFormat VARCHAR(5);

    SET DateSequenceFormat = '0000';
    SET IDDatedSequenceFormat = '00000';

    SELECT IFNULL(
                CONVERT(
                    RIGHT(
                            ( SELECT MAX(e_serial) FROM exit_passes WHERE LEFT(DATE_FORMAT(NOW(), '%Y'), LENGTH(DateSequenceFormat)) = LEFT(e_serial, LENGTH(DateSequenceFormat)) )
                            , LENGTH(IDDatedSequenceFormat)
                    ), SIGNED
                ), 0
            ) INTO IDDatedSequence;

    SELECT DATE_FORMAT(NOW(), '%Y') INTO DateSequence;

    SELECT CONCAT(
            DateSequence,
            '-',
            LEFT(
                IDDatedSequenceFormat,
                (
                    LENGTH(IDDatedSequenceFormat)
                    -
                    LENGTH(
                        CONVERT(
                            (
                                IDDatedSequence + 1
                            ),
                            CHAR
                        )
                    )
                )
            ),
            CONVERT(
                (
                    IDDatedSequence + 1
                ),
                CHAR
            )
        )INTO ExitpassSerial;
    
    RETURN ExitpassSerial;
END$$

CREATE DEFINER=`root`@`localhost` FUNCTION `fnTcardID`() RETURNS varchar(20) CHARSET utf8
    DETERMINISTIC
BEGIN
    DECLARE TcardID VARCHAR(20);
    DECLARE IDDatedSequence INT(5); /* RECENTLY USED 'DATED' SEQUENCE */
    DECLARE DateSequence VARCHAR(6);
    DECLARE DateSequenceFormat VARCHAR(6);
    DECLARE IDDatedSequenceFormat VARCHAR(5);

    SET DateSequenceFormat = '000000';
    SET IDDatedSequenceFormat = '00000';

    SELECT IFNULL(
                CONVERT(
                    RIGHT(
                            ( SELECT MAX(tc_id) FROM tcards WHERE LEFT(DATE_FORMAT(NOW(), '%Y%m'), LENGTH(DateSequenceFormat)) = LEFT(tc_id, LENGTH(DateSequenceFormat)) )
                            , LENGTH(IDDatedSequenceFormat)
                    ), SIGNED
                ), 0
            ) INTO IDDatedSequence;

    SELECT DATE_FORMAT(NOW(), '%Y%m') INTO DateSequence;

    SELECT CONCAT(
            DateSequence,
            '-',
            LEFT(
                IDDatedSequenceFormat,
                (
                    LENGTH(IDDatedSequenceFormat)
                    -
                    LENGTH(
                        CONVERT(
                            (
                                IDDatedSequence + 1
                            ),
                            CHAR
                        )
                    )
                )
            ),
            CONVERT(
                (
                    IDDatedSequence + 1
                ),
                CHAR
            )
        )INTO TcardID;
    
    RETURN TcardID;
END$$

DELIMITER ;

-- --------------------------------------------------------

--
-- Table structure for table `checkers`
--

CREATE TABLE IF NOT EXISTS `checkers` (
  `c_id` int(11) NOT NULL AUTO_INCREMENT,
  `c_firstname` varchar(100) DEFAULT NULL,
  `c_lastname` varchar(100) DEFAULT NULL,
  `c_mi` varchar(5) DEFAULT NULL,
  `is_deleted` tinyint(1) NOT NULL DEFAULT '0',
  PRIMARY KEY (`c_id`)
) ENGINE=InnoDB  DEFAULT CHARSET=utf8 AUTO_INCREMENT=16 ;

--
-- Dumping data for table `checkers`
--

INSERT INTO `checkers` (`c_id`, `c_firstname`, `c_lastname`, `c_mi`, `is_deleted`) VALUES
(1, 'None', '', '', 0),
(2, 'ROWENDEL', 'ESPINOSA', '', 0),
(3, 'REEGEE', 'CANTAGO', '', 0),
(4, 'ARTURO', 'PAJARES', '', 0),
(5, 'RANDOLPH', 'BANGCAS', '', 0),
(6, 'ROMEO', 'CAHULOGAN', '', 0),
(7, 'ARNEL', 'MONTEGRANDE', '', 0),
(8, 'VIRHEL', 'MONTANO', '', 0),
(9, 'DAVE', 'DURAN', '', 0),
(10, 'PJ', 'DAANG', '', 0),
(11, 'RANDY', 'PONTEJOS', '', 0),
(12, 'CHARLEMAGNE', 'SABANDAL', '', 0),
(13, 'ARNIEL', 'TIIN', '', 0),
(14, 'ARMANDO', 'ALVAREZ', '', 0),
(15, 'RANDY', 'NACAYTUNA', '', 0);

-- --------------------------------------------------------

--
-- Table structure for table `exit_passes`
--

CREATE TABLE IF NOT EXISTS `exit_passes` (
  `e_id` int(11) NOT NULL AUTO_INCREMENT,
  `tc_id` varchar(20) NOT NULL,
  `e_serial` varchar(45) DEFAULT NULL,
  `e_van_class` varchar(100) NOT NULL,
  `e_date` date NOT NULL,
  `e_timeout` time DEFAULT NULL,
  `e_destination` varchar(255) NOT NULL,
  `e_plateno` varchar(15) NOT NULL,
  `e_particulars` text NOT NULL,
  `e_driver` varchar(50) NOT NULL,
  PRIMARY KEY (`e_id`),
  UNIQUE KEY `tc_id` (`tc_id`)
) ENGINE=InnoDB  DEFAULT CHARSET=utf8 AUTO_INCREMENT=118 ;

--
-- Dumping data for table `exit_passes`
--

INSERT INTO `exit_passes` (`e_id`, `tc_id`, `e_serial`, `e_van_class`, `e_date`, `e_timeout`, `e_destination`, `e_plateno`, `e_particulars`, `e_driver`) VALUES
(1, '201412-00001', '2014-00001', 'FG', '2014-12-16', '18:55:52', 'MEYCAUAYAN', 'KEY922', 'BBI80G', 'CABILING'),
(2, '201412-00009', '2014-00002', 'FG', '2014-12-01', '17:42:23', 'BPC', 'RLR751', 'BBI80G', 'ABUGAN'),
(3, '201412-00012', '2014-00003', 'FG', '2014-12-16', '19:07:33', 'MEYCAUAYAN', 'MVV123', 'BBI80G', 'DIMAANO'),
(4, '201412-00004', '2014-00004', 'E', '2014-12-16', '19:18:19', '', 'QWE123', '', 'NOQUAIO'),
(5, '201412-00016', '2014-00005', 'FG', '2014-12-16', '19:21:21', 'TAGUM', 'KVG123', '', 'DAYAO'),
(6, '201412-00017', '2014-00006', 'FG', '2014-12-16', '19:26:02', 'TAGUM', 'MQW123', '', 'MONSTROG'),
(7, '201412-00008', '2014-00007', 'E', '2014-12-16', '19:30:51', '', 'PXY789', '', 'DUHA'),
(8, '201412-00018', '2014-00008', 'E', '2014-12-16', '19:35:26', '', 'TTT456', 'MT ', 'MAURING'),
(9, '201412-00015', '2014-00009', 'FG', '2014-12-16', '19:36:49', '', 'KVN799', '', 'PAMISA'),
(10, '201412-00007', '2014-00010', 'FG', '2014-12-16', '19:37:21', '', 'NVL210', '', 'PAKING'),
(11, '201412-00003', '2014-00011', 'FG', '2014-12-16', '19:37:53', 'BATINO', 'KVL103', '', 'DAANG'),
(12, '201412-00011', '2014-00012', 'FG', '2014-12-16', '19:38:20', '', 'PQY451', '', 'YAMIT'),
(13, '201412-00010', '2014-00013', 'FG', '2014-12-16', '19:39:11', '', 'PIT451', '', 'ESTROGA'),
(14, '201412-00002', '2014-00014', 'FG', '2014-12-16', '19:39:40', '', 'TYT789', '', 'SENEDO'),
(15, '201412-00014', '2014-00015', 'FG', '2014-12-16', '19:39:57', '', 'MVL852', '', 'DURAN'),
(16, '201412-00013', '2014-00016', 'FG', '2014-12-16', '19:40:31', 'CEBU', 'MVV214', '', 'ABELLA'),
(17, '201412-00005', '2014-00017', 'E', '2014-12-16', '19:41:18', '', 'KBG632', '', 'AMOGUIS'),
(18, '201412-00006', '2014-00018', 'FG', '2014-12-20', '09:31:50', '', 'MNN232', 'MT GREEN COFFEE', 'BENZ'),
(19, '201412-00027', '2014-00019', 'FG', '2014-12-19', NULL, 'CP NEW WORLD', '', 'BIGBAGS', ''),
(20, '201412-00034', '2014-00020', 'FG', '2014-12-19', '09:53:24', 'CDC', '001', 'BIGBAGS', 'DOUBLE ENTRY'),
(21, '201412-00035', '2014-00021', 'FG', '2014-12-16', NULL, 'CDC', '', 'BIGBAG', ''),
(22, '201412-00038', '2014-00022', 'FG', '2014-12-16', NULL, 'CDC', '', 'BIGBAG', ''),
(23, '201412-00041', '2014-00023', 'FG', '2014-12-16', NULL, 'CDC', '', 'BIGBAG', ''),
(24, '201412-00049', '2014-00024', 'FG', '2014-12-16', NULL, 'CDC', '', 'BIGBAG', ''),
(25, '201412-00052', '2014-00025', 'FG', '2014-12-18', '16:00:55', 'LIPA', 'KVU729', 'KERF BIGBAG', 'BIHAG'),
(26, '201412-00058', '2014-00026', 'FG', '2014-12-18', NULL, 'CDC', '', 'BIGBAG', ''),
(27, '201412-00064', '2014-00027', 'FG', '2014-12-19', NULL, 'CABUYAO', '', '', ''),
(28, '201412-00068', '2014-00028', 'FG', '2014-12-18', NULL, 'CDC', '', 'BIGBAG', ''),
(29, '201412-00069', '2014-00029', 'FG', '2014-12-18', NULL, 'CDC', '', 'BIGBAG', ''),
(30, '201412-00072', '2014-00030', 'FG', '2014-12-18', NULL, 'CDC', '', 'BIGBAG', ''),
(31, '201412-00078', '2014-00031', 'FG', '2014-12-18', '15:54:35', 'MALAYSIA', 'MVN780', 'BOSSPAK', 'MAGALLANES'),
(32, '201412-00079', '2014-00032', 'FG', '2014-12-18', NULL, 'CDC', '', 'BIGBAG', ''),
(33, '201412-00087', '2014-00033', 'E', '2014-12-18', '11:04:49', '', 'KMH125', '', 'GUDITO'),
(34, '201412-00088', '2014-00034', 'FG', '2014-12-18', NULL, '', '', '', ''),
(35, '201412-00109', '2014-00035', 'FG', '2014-12-18', NULL, 'CDC', '', 'BIGBAG', ''),
(36, '201412-00118', '2014-00036', 'FG', '2014-12-18', NULL, 'CDC', '', 'BIGBAGS', ''),
(37, '201412-00119', '2014-00037', 'FG', '2014-12-19', '14:26:28', 'CP NEW WORLD', 'JFG988', 'KERF BIGBAG', 'GUDITO'),
(38, '201412-00140', '2014-00038', 'FG', '2014-12-19', '13:28:43', 'CP NEW WORLD', 'KWA565', 'KERF BIGBAG', 'LAGUE'),
(39, '201412-00155', '2014-00039', 'FG', '2014-12-18', '15:55:29', 'MALAYSIA', 'MVN780', 'TRUMP', 'MAGALLANES'),
(40, '201412-00199', '2014-00040', 'FG', '2014-12-19', '14:27:38', 'CP NEW WORLD', 'JPG988', 'MEGABAG', 'GUDITO'),
(41, '201412-00221', '2014-00041', 'FG', '2014-12-18', '16:24:00', 'MALAYSIA', 'MVN760', 'BBI BULK', 'CARANG2X'),
(42, '201412-00220', '2014-00042', 'FG', '2014-12-19', '16:53:38', 'CDC', 'KVU', 'MIXED LOAD', 'TST'),
(43, '201412-00022', '2014-00043', 'FG', '2014-12-18', '16:06:11', 'FCTC', '104406', 'MT VAN', 'TAN'),
(44, '201412-00021', '2014-00044', 'FG', '2014-12-18', '16:06:40', 'FCTC', '104406', 'MT FOR PULLOUT', 'TAN'),
(45, '201412-00340', '2014-00045', 'FG', '2014-12-19', '14:32:19', 'CEBU', '122605', 'BBI 30X320G', 'DECINA'),
(46, '201412-00341', '2014-00046', 'FG', '2014-12-19', NULL, 'BATINO', '', '', ''),
(47, '201412-00113', '2014-00047', 'FG', '2014-12-19', NULL, 'MEYCAUAYAN', '', 'MIXED LOAD BBI', ''),
(48, '201412-00342', '2014-00048', 'FG', '2014-12-19', '15:58:30', 'MEYCAUYAN', 'KWH565', 'BBI 30X320G', 'LAGUE'),
(49, '201412-00343', '2014-00049', 'FG', '2014-12-19', '16:28:24', 'MEYCAUYAN', 'RHZ866', '', 'DIZON'),
(50, '201412-00349', '2014-00050', 'FG', '2014-12-19', NULL, 'LIPA', '', 'BIGBAG', ''),
(51, '201412-00350', '2014-00051', 'FG', '2014-12-19', NULL, 'CP NEW WORLD', '', 'BIGBAG', ''),
(52, '201412-00351', '2014-00052', 'FG', '2014-12-19', NULL, 'CP NEW WORLD', '', 'BIGBAG', ''),
(53, '201412-00352', '2014-00053', 'FG', '2014-12-19', NULL, 'CDC', '', 'BIGBAG', ''),
(54, '201412-00353', '2014-00054', 'FG', '2014-12-19', NULL, 'CDC', '', 'BIGBAG', ''),
(55, '201412-00370', '2014-00055', 'FG', '2014-12-19', '14:03:38', 'CABUYAO', 'PAC787', '', 'CASTRO'),
(56, '201412-00373', '2014-00056', 'FG', '2014-12-19', '09:47:23', '', 'FDY123', '', 'DEMANU'),
(57, '201412-00086', '2014-00057', 'FG', '2014-12-19', '11:13:39', '', '001', '', 'DOUBLE ENTRY'),
(58, '201412-00085', '2014-00058', 'FG', '2014-12-19', '11:14:24', '', '001', '', 'DOUBLE ENTRY'),
(59, '201412-00419', '2014-00059', 'FG', '2014-12-19', NULL, 'CDC', '', 'BIG BAG', ''),
(60, '201412-00420', '2014-00060', 'FG', '2014-12-19', NULL, 'CDC', '', 'BIGBAG', ''),
(61, '201412-00368', '2014-00061', 'FG', '2014-12-19', '15:48:40', 'CABUYAO', 'RHC787', 'MSK', 'CASTRO'),
(62, '201412-00369', '2014-00062', 'FG', '2014-12-19', '15:49:48', 'CABUYAO', 'RHC787', 'MSK', 'CASTRO'),
(63, '201412-00098', '2014-00063', 'FG', '2014-12-19', '13:52:53', 'MALAYSIA', 'MVV760', 'BOSSPAK', 'CARANG2X'),
(64, '201412-00074', '2014-00064', 'FG', '2014-12-19', '13:58:03', 'MALAYSIA', 'MVC915', 'BOSSPAK', 'SERENUELA'),
(65, '201412-00146', '2014-00065', 'FG', '2014-12-19', '15:33:30', 'MALAYSIA', 'KVX921', 'BOSSPAK', 'LINCUNA'),
(66, '201412-00110', '2014-00066', 'FG', '2014-12-19', '13:53:52', 'MALAYSIA', 'XNN760', 'BOSSPAK', 'CARANG2X'),
(67, '201412-00141', '2014-00067', 'FG', '2014-12-19', '13:48:10', 'MALAYSIA', 'KVN780', 'BOSSPAK', 'MAGALANES'),
(68, '201412-00075', '2014-00068', 'FG', '2014-12-19', '13:57:20', '', 'MVC915', '', 'SERENUELA'),
(69, '201412-00227', '2014-00069', 'FG', '2014-12-19', '17:12:07', 'MALAYSIA', 'KVL915', 'BOSSPAK', 'SERENUELA'),
(70, '201412-00171', '2014-00070', 'FG', '2014-12-19', '13:51:58', 'MALAYSIA', 'MVV780', 'BOSSPAK', 'MAGALANES'),
(71, '201412-00424', '2014-00071', 'FG', '2014-12-19', NULL, 'BATINO', '', 'MIXED LOAD BBI', ''),
(72, '201412-00232', '2014-00072', 'FG', '2014-12-19', '17:03:39', 'MALASIA', 'MVV760', '', 'CARANG2X'),
(73, '201412-00425', '2014-00073', 'FG', '2014-12-19', '17:11:13', 'MALAYSIA', 'KVV760', 'BOSSPAK', 'CARANG2X'),
(74, '201412-00183', '2014-00074', 'FG', '2014-12-19', '15:34:39', 'MALAYSIA', 'KVX921', 'B0SSPAK', 'LINCUNA'),
(75, '201412-00226', '2014-00075', 'FG', '2014-12-19', '17:05:07', 'MALAYSIA', 'KVL915', 'BOSSPAK', 'SERENUELA'),
(76, '201412-00212', '2014-00076', 'FG', '2014-12-19', '17:17:29', 'MALAYSIA', 'KVV780', 'BOSSPAK', 'MAGALLANES'),
(77, '201412-00371', '2014-00077', 'FG', '2014-12-19', '14:06:54', 'CABUYAO', 'PAC 787', 'MSK', 'CASTRO'),
(78, '201412-00151', '2014-00078', 'FG', '2014-12-19', '14:31:24', 'BATINO', '122605', '', 'DECINA'),
(79, '201412-00456', '2014-00079', 'FG', '2014-12-19', NULL, 'BNM', '', '', ''),
(80, '201412-00452', '2014-00080', 'FG', '2014-12-19', NULL, 'AS', '', '', ''),
(81, '201412-00453', '2014-00081', 'FG', '2014-12-19', NULL, 'VB', '', '', ''),
(82, '201412-00458', '2014-00082', 'FG', '2014-12-19', NULL, '', '', '', ''),
(83, '201412-00460', '2014-00083', 'FG', '2014-12-19', NULL, '', '', '', ''),
(84, '201412-00463', '2014-00084', 'FG', '2014-12-19', NULL, '', '', '', ''),
(85, '201412-00454', '2014-00085', 'FG', '2014-12-19', NULL, '', '', '', ''),
(86, '201412-00464', '2014-00086', 'FG', '2014-12-19', NULL, '', '', '', ''),
(87, '201412-00457', '2014-00087', 'FG', '2014-12-19', NULL, '', '', '', ''),
(88, '201412-00455', '2014-00088', 'FG', '2014-12-19', NULL, '', '', '', ''),
(89, '201412-00459', '2014-00089', 'FG', '2014-12-19', NULL, '', '', '', ''),
(90, '201412-00461', '2014-00090', 'FG', '2014-12-19', NULL, '', '', '', ''),
(91, '201412-00462', '2014-00091', 'FG', '2014-12-19', NULL, '', '', '', ''),
(92, '201412-00375', '2014-00092', 'FG', '2014-12-19', '16:23:37', '', '001', '', '001'),
(93, '201412-00465', '2014-00093', 'FG', '2014-12-19', NULL, 'CABUYAO', '', '', ''),
(94, '201412-00372', '2014-00094', 'FG', '2014-12-19', '16:35:41', 'CABUYAO', 'RHZ866', 'MSK', 'DIZON'),
(95, '201412-00210', '2014-00095', 'FG', '2014-12-19', '17:02:56', 'MALAYSIA', 'MVV760', '', 'CARANG2X'),
(96, '201412-00363', '2014-00096', 'FG', '2014-12-20', NULL, '', '', '', ''),
(97, '201412-00362', '2014-00097', 'FG', '2014-12-20', NULL, 'VB', '', '', ''),
(98, '201412-00471', '2014-00098', 'FG', '2014-12-20', '09:16:45', 'DALAN', 'MAA123', '', 'DANE'),
(99, '201412-00473', '2014-00099', 'FG', '2014-12-20', NULL, 'COFIPAC', '', 'BBMP700KG', ''),
(100, '201412-00164', '2014-00100', 'FG', '2014-12-20', NULL, 'RM FOODS', '', 'BBMP700KG', ''),
(101, '201412-00045', '2014-00101', 'FG', '2014-12-20', NULL, 'RM FOODS', '', 'BBMP700KG', ''),
(102, '201412-00229', '2014-00102', 'FG', '2014-12-20', NULL, 'RM FOODS', '', 'BBMP700KG', ''),
(103, '201412-00054', '2014-00103', 'FG', '2014-12-20', NULL, 'RM FOODS', '', 'BBMP700KG', ''),
(104, '201412-00081', '2014-00104', 'FG', '2014-12-20', NULL, 'RM FOODS', '', 'BBMP700KG', ''),
(105, '201412-00100', '2014-00105', 'FG', '2014-12-20', NULL, 'RM FOODS', '', 'BBMP700KG', ''),
(106, '201412-00172', '2014-00106', 'FG', '2014-12-20', NULL, 'RM FOODS', '', 'BBMP700KG', ''),
(107, '201412-00223', '2014-00107', 'FG', '2014-12-20', NULL, 'RM FOODS', '', 'BBMP700KG', ''),
(108, '201412-00028', '2014-00108', 'FG', '2014-12-20', NULL, 'RM FOODS', '', 'BBMP700KG', ''),
(109, '201412-00222', '2014-00109', 'FG', '2014-12-20', NULL, 'RM FOODS', '', 'BBMP700KG', ''),
(110, '201412-00097', '2014-00110', 'FG', '2014-12-20', NULL, 'RM FOODS', '', 'BBMP700KG', ''),
(111, '201412-00093', '2014-00111', 'FG', '2014-12-20', NULL, 'RM FOODS', '', 'BBMP700KG', ''),
(112, '201412-00190', '2014-00112', 'E', '2014-12-20', '10:25:49', 'MCC CY', 'KVX921', 'MT RETURN', 'LINCONA'),
(113, '201412-00306', '2014-00113', 'E', '2014-12-20', '10:26:21', 'MCC CY', 'KVX921', 'MT RETURN', 'LINCONA'),
(114, '201504-00002', '2015-00001', 'FG', '2015-02-10', NULL, 'MATINA', '', '', ''),
(115, '201412-00330', '2015-00002', 'FG', '2015-02-10', NULL, 'CHURBA', '', '', ''),
(116, '201504-00001', '2015-00003', 'FG', '2015-04-20', NULL, '', '', '', ''),
(117, '201412-00334', '2015-00004', 'FG', '2015-04-20', NULL, '', '', '', '');

-- --------------------------------------------------------

--
-- Table structure for table `incoming_materials`
--

CREATE TABLE IF NOT EXISTS `incoming_materials` (
  `im_id` int(11) NOT NULL AUTO_INCREMENT,
  `im_name` varchar(100) NOT NULL,
  `im_category` varchar(50) NOT NULL,
  `is_deleted` tinyint(1) NOT NULL DEFAULT '0',
  PRIMARY KEY (`im_id`)
) ENGINE=InnoDB  DEFAULT CHARSET=utf8 AUTO_INCREMENT=54 ;

--
-- Dumping data for table `incoming_materials`
--

INSERT INTO `incoming_materials` (`im_id`, `im_name`, `im_category`, `is_deleted`) VALUES
(1, 'DECAF (POWDER)', 'IMPORTED', 0),
(2, 'SLIPSHEETS', 'IMPORTED', 0),
(3, 'LAMINATES', 'IMPORTED', 0),
(4, 'BBI 680G KDC', 'LOCAL', 0),
(5, 'BBI 80G KDC', 'LOCAL', 0),
(6, 'BBI 100G KDC', 'LOCAL', 0),
(7, 'BBI 150G KDC', 'LOCAL', 0),
(8, 'BBI 320G KDC', 'LOCAL', 0),
(9, 'BBI 33G KDC', 'LOCAL', 0),
(10, 'SLEEVES 80G', 'LOCAL', 0),
(11, 'SLEEVES 300 KDC', 'LOCAL', 0),
(12, 'SLEEVES 330G AUTO', 'LOCAL', 0),
(13, 'KDC 750/900', 'LOCAL', 0),
(14, 'NESCAFE 25G KDF', 'LOCAL', 0),
(15, 'POLYETHYLENE FILM', 'IMPORTED', 0),
(16, 'NESCAFE 150G KDC', 'LOCAL', 0),
(17, 'DECAF 20G KDC', 'LOCAL', 0),
(18, 'DECAF 40G KDC', 'LOCAL', 0),
(19, 'DECAF 80G KDC', 'LOCAL', 0),
(20, 'BBI IC-150', 'LOCAL', 1),
(21, 'UNPRINTED LAMINATES', 'LOCAL', 0),
(22, 'EMPTY MEGA BAG', 'LOCAL', 0),
(23, 'ADHESIVE GLUE', 'IMPORTED', 0),
(24, 'GLUCOSE FLEXITANK', 'IMPORTED', 0),
(25, 'GLUCIDEX (MALTO)', 'IMPORTED', 0),
(26, 'GLUCOSE DRUMS(SYRUP)', 'IMPORTED', 0),
(27, 'MSK MEDIUM HEAT', 'IMPORTED', 0),
(28, 'SBMP', 'IMPORTED', 1),
(29, 'MILK BUDS', 'LOCAL', 0),
(30, 'K-CASIENATE', 'IMPORTED', 0),
(31, 'TRACE ELEMENTS', 'IMPORTED', 0),
(32, 'ANHYDROUS MILK FAT', 'IMPORTED', 0),
(33, 'BUTTER MILK (SBMP)', 'IMPORTED', 0),
(34, 'DIMODAN', 'LOCAL', 0),
(35, 'SUGAR', 'LOCAL', 0),
(36, 'VITAMIN PREMIX', 'IMPORTED', 0),
(37, 'SODIUM CITRATE', 'LOCAL', 0),
(38, 'CALCIUM CITRATE', 'LOCAL', 0),
(39, 'MALTO POWDER', 'TEMPLOAD', 0),
(40, 'AMF', 'TEMPLOAD', 1),
(41, 'DRUMS', 'TEMPLOAD', 0),
(42, 'GREEN COFFEE BEANS', 'LOCAL', 0),
(43, 'GREEN COFFEE BEANS-VIETNAM', 'IMPORTED', 0),
(44, 'GREEN COFFEE BEANS-INDONESIA', 'IMPORTED', 0),
(45, 'ADHESIVE GLUE', 'LOCAL', 0),
(46, 'GLUCOSE SYRUP', 'IMPORTED', 0),
(47, 'BUTTERMILK(MALTO)', 'LOCAL', 1),
(48, 'TOPCITHIN', 'IMPORTED', 0),
(49, 'BUTTER FLAVOR', 'IMPORTED', 0),
(50, 'JUTESACKS', 'LOCAL', 0),
(51, 'WOODEN PALLETS', 'LOCAL', 0),
(52, 'FLEXI', 'IMPORTED', 0),
(53, 'CALCIUM CARBONATE', 'LOCAL', 0);

-- --------------------------------------------------------

--
-- Table structure for table `materials`
--

CREATE TABLE IF NOT EXISTS `materials` (
  `m_id` int(11) NOT NULL AUTO_INCREMENT,
  `m_name` varchar(100) DEFAULT NULL,
  `m_description` text NOT NULL,
  `m_type` varchar(100) DEFAULT NULL,
  `m_category` varchar(20) NOT NULL,
  `is_deleted` tinyint(1) NOT NULL DEFAULT '0',
  PRIMARY KEY (`m_id`)
) ENGINE=InnoDB  DEFAULT CHARSET=utf8 AUTO_INCREMENT=27 ;

--
-- Dumping data for table `materials`
--

INSERT INTO `materials` (`m_id`, `m_name`, `m_description`, `m_type`, `m_category`, `is_deleted`) VALUES
(1, 'None', '', '', '', 0),
(2, '12191359', 'NESTLE BEAR BRAND WITH IRON 16(8X33G) PH', 'MILK', 'FG', 1),
(3, '12176151', 'NESTLE BEAR BRAND WITH IRON 30X300GN1 PH', 'MILK', 'FG', 1),
(4, '12176152', 'NESTLE BEAR BRAND WITH IRON 14X680GN1 PH', 'MILK', 'FG', 1),
(5, '12191358', 'NESTLE BEAR BRAND WITH IRON 72X150GN3 PH', 'MILK', 'FG', 1),
(6, '12176072', 'NESTLE BEAR BRAND WITH IRON 120X80GN1 PH', 'MILK', 'FG', 1),
(7, '43396373', 'NESTLE BEAR BRAND MILK POWDER 700KG BULK', 'MILK', 'FG', 0),
(8, '12248410', 'BEAR BRAND W IRON+ZINC+VITC 120X80G PH', 'MILK', 'FG', 0),
(9, '12248412', 'BEAR BRAND W IRON+ZINC+VITC 72X150G PH', 'MILK', 'FG', 0),
(10, '12248411', 'BEAR BRAND W IRON+ZINC+VITC 128X33G PH', 'MILK', 'FG', 0),
(11, '12248414', 'BEAR BRAND W IRON+ZINC+VITC 14X700G PH', 'MILK', 'FG', 0),
(12, '12248413', 'BEAR BRAND W IRON+ZINC+VITC 30X320G PH', 'MILK', 'FG', 0),
(13, '12248415', 'BEAR BRAND W IRON+ZINC+VITC 14X900G PH', 'MILK', 'FG', 0),
(14, '12248417', 'BEAR BRAND W IRON+ZINC+VITC 12X1.2KG PH', 'MILK', 'FG', 0),
(15, '43574723', 'BEAR BRAND MILK POWDER MQAV008A-2 700KG', 'MILK', 'FG', 0),
(16, '12179638', 'NC 25G', 'COFFEE', 'FG', 0),
(17, '12180259', 'NC 100G', 'COFFEE', 'FG', 0),
(18, '12180270', 'NC 50G', 'COFFEE', 'FG', 0),
(19, '12184132', 'NC REFILL 25G', 'COFFEE', 'FG', 0),
(20, '43545752', 'KERF533 BIGBAG 230KG', 'COFFEE', 'SFG', 0),
(21, '43545408', 'KERF 583 BIGBAG GAUDI', 'COFFEE', 'SFG', 0),
(22, '43581573', 'EVERYDAY FMP W/ IRON MQAV00A-2 700KG', 'MILK', 'FG', 0),
(23, '12259586', 'BEAR BRAND W/ IRON 14X750G FREE 50G', 'MILK', 'FG', 0),
(24, '12259588', 'BEAR BRAND W/ IRON 12X1325G FREE 125G', 'MILK', 'FG', 0),
(25, '43544508', 'NESCAFE CLASSIC PWDR KERF 583 BIGBAGS', 'COFFEE', 'SFG', 0),
(26, '43545752', 'NESCAFE CLASSIC KERF 583 LIPA BIGBAGS', 'COFFEE', 'SFG', 0);

-- --------------------------------------------------------

--
-- Table structure for table `shippers`
--

CREATE TABLE IF NOT EXISTS `shippers` (
  `s_id` int(11) NOT NULL AUTO_INCREMENT,
  `s_name` varchar(255) DEFAULT NULL,
  `s_code` varchar(20) DEFAULT NULL,
  `s_color` varchar(10) DEFAULT NULL,
  `is_deleted` tinyint(1) NOT NULL DEFAULT '0',
  PRIMARY KEY (`s_id`)
) ENGINE=InnoDB  DEFAULT CHARSET=utf8 AUTO_INCREMENT=23 ;

--
-- Dumping data for table `shippers`
--

INSERT INTO `shippers` (`s_id`, `s_name`, `s_code`, `s_color`, `is_deleted`) VALUES
(1, 'None', NULL, '#ffffff', 1),
(2, 'NMC', NULL, '#DF88CE', 0),
(3, 'SOLID', NULL, '#1C1CCE', 0),
(4, '2GO', NULL, '#E9B82F', 0),
(5, 'GS', NULL, '#2EFF00', 1),
(6, 'SSR', NULL, '#763CDB', 0),
(7, 'COFIPAC', NULL, '#EBEFEF', 0),
(8, 'CDC', NULL, '#800080', 1),
(9, 'TST', NULL, '#2ECA00', 1),
(10, 'TW', NULL, '#DB4673', 1),
(11, 'MSKU', NULL, '#008484', 1),
(12, 'MCC', NULL, '#EC570F', 0),
(13, 'SKMTI', NULL, '#183922', 0),
(14, 'XPCL', NULL, '#FBF01F', 0),
(15, 'PSACC', NULL, '#FEFF0A', 1),
(16, 'APL', NULL, '#FFFFFF', 1),
(17, 'NNCU', NULL, '#FFFFFF', 1),
(18, 'MAERSK', NULL, '#FFFFFF', 1),
(19, 'NYK', NULL, '#FFFFFF', 1),
(20, 'SLI', NULL, '#FFFFFF', 1),
(21, 'GOTHONG', NULL, '#7BFA1D', 0),
(22, 'SULPICIO', NULL, '#FFFFFF', 0);

-- --------------------------------------------------------

--
-- Table structure for table `tcards`
--

CREATE TABLE IF NOT EXISTS `tcards` (
  `tc_id` varchar(20) NOT NULL,
  `v_id` int(11) NOT NULL,
  `tt_id` int(11) NOT NULL,
  `s_id` int(11) NOT NULL,
  `t_id` int(11) NOT NULL,
  `u_id` int(11) NOT NULL,
  `c_id` int(11) NOT NULL,
  `vt_id` int(11) NOT NULL,
  `tc_entrydate` timestamp NULL DEFAULT NULL,
  `tc_rdd` date DEFAULT NULL,
  `tc_bin` varchar(100) DEFAULT NULL,
  `tc_batchcode` varchar(100) DEFAULT NULL,
  `tc_remarks` text,
  `tc_checker` varchar(150) DEFAULT NULL,
  `tc_status` varchar(100) DEFAULT NULL,
  `tc_position` varchar(100) DEFAULT NULL,
  `tc_datestuffed` date DEFAULT NULL,
  `tc_dn` varchar(50) DEFAULT NULL,
  `tc_sealno` varchar(50) DEFAULT NULL,
  `tc_datesealed` date DEFAULT NULL,
  `tc_qcases` varchar(45) DEFAULT NULL,
  `tc_qbags` varchar(45) DEFAULT NULL,
  `tc_datestripped` date DEFAULT NULL,
  `tc_dateblocked` timestamp NULL DEFAULT NULL,
  `tc_stucontroller` int(11) DEFAULT NULL,
  `tc_strcontroller` int(11) DEFAULT NULL,
  `tc_block_reason` text,
  `is_blocked` tinyint(1) NOT NULL DEFAULT '0',
  `is_defective` tinyint(1) NOT NULL DEFAULT '0',
  `tc_tempload_status` varchar(250) DEFAULT NULL,
  `is_tempload` tinyint(1) DEFAULT NULL,
  PRIMARY KEY (`tc_id`),
  KEY `fk_tcards_vans1_idx` (`v_id`),
  KEY `fk_tcards_tcard_types1_idx` (`tt_id`),
  KEY `fk_tcards_shippers1_idx` (`s_id`),
  KEY `fk_tcards_truckers1_idx` (`t_id`),
  KEY `fk_tcards_users1_idx` (`u_id`),
  KEY `fk_tcards_checkers1_idx` (`c_id`),
  KEY `fk_tcards_van_types1_idx` (`vt_id`),
  KEY `fk_tcards_users_str_idx` (`tc_strcontroller`),
  KEY `fk_tcards_users_stu_idx` (`tc_stucontroller`)
) ENGINE=InnoDB DEFAULT CHARSET=utf8;

--
-- Dumping data for table `tcards`
--

INSERT INTO `tcards` (`tc_id`, `v_id`, `tt_id`, `s_id`, `t_id`, `u_id`, `c_id`, `vt_id`, `tc_entrydate`, `tc_rdd`, `tc_bin`, `tc_batchcode`, `tc_remarks`, `tc_checker`, `tc_status`, `tc_position`, `tc_datestuffed`, `tc_dn`, `tc_sealno`, `tc_datesealed`, `tc_qcases`, `tc_qbags`, `tc_datestripped`, `tc_dateblocked`, `tc_stucontroller`, `tc_strcontroller`, `tc_block_reason`, `is_blocked`, `is_defective`, `tc_tempload_status`, `is_tempload`) VALUES
('201412-00001', 1, 2, 2, 2, 0, 1, 1, '2014-12-01 08:57:47', '2014-12-12', 'NMC102', '44530190RA', '', NULL, 'FULLS', NULL, '2014-12-01', '8267894564', '123456', '2014-12-01', '660', '', NULL, NULL, 0, 0, '', 0, 0, '', 0),
('201412-00002', 2, 2, 6, 6, 0, 1, 2, '2014-12-01 08:59:27', NULL, '', '', '', NULL, 'EMPTY', NULL, NULL, '', '', NULL, '', '', NULL, NULL, 0, 0, '', 0, 0, '', 0),
('201412-00003', 3, 2, 6, 6, 0, 1, 1, '2014-12-01 09:00:43', NULL, '', '', '', NULL, 'EMPTY', NULL, NULL, '', '', NULL, '', '', NULL, NULL, 0, 0, '', 0, 0, '', 0),
('201412-00004', 4, 5, 4, 5, 0, 1, 1, '2014-12-01 09:01:55', NULL, '', '', '', NULL, 'EMPTY', NULL, NULL, '', '', NULL, '', '', NULL, '2014-12-16 11:17:27', 0, 0, 'DAMAGE FLOOR', 1, 1, 'REWORK', 1),
('201412-00005', 5, 1, 2, 9, 0, 1, 1, '2014-12-01 09:11:40', NULL, '', '', '', NULL, 'FULLS', NULL, NULL, '', '', NULL, '', '', NULL, NULL, 0, 0, '', 0, 0, '', 0),
('201412-00006', 6, 1, 18, 3, 0, 1, 1, '2014-12-01 09:14:09', NULL, '', '', '', NULL, 'FULLS', NULL, NULL, '', '', NULL, '', '', NULL, NULL, 0, 0, '', 0, 0, '', 0),
('201412-00007', 7, 3, 16, 3, 0, 1, 1, '2014-12-01 09:21:04', NULL, '', '', '', NULL, 'FULLS', NULL, NULL, '', '', NULL, '', '', NULL, NULL, 0, 0, '', 0, 0, '', 0),
('201412-00008', 8, 4, 16, 3, 0, 1, 2, '2014-12-01 09:25:36', NULL, '', '', '', NULL, 'EMPTY', NULL, NULL, '', '', NULL, '', '', '2014-12-01', NULL, 0, 0, '', 0, 0, '', 0),
('201412-00009', 9, 6, 1, 2, 0, 1, 3, '2014-12-01 09:40:12', NULL, 'SSR024', '44530190RA', '', NULL, 'FULLS', NULL, '2014-12-01', '', '', NULL, '700', '', NULL, NULL, 0, 0, '', 0, 0, '', 0),
('201412-00010', 11, 2, 4, 5, 0, 4, 1, '2014-12-01 11:09:09', NULL, '', '', '', NULL, 'EMPTY', NULL, NULL, '', '', NULL, '', '', NULL, NULL, 0, 0, '', 0, 0, '', 0),
('201412-00011', 12, 4, 16, 3, 0, 1, 2, '2014-12-01 11:24:40', NULL, '', '', 'PATO ANG SULOD\n', NULL, 'FULLS', NULL, NULL, '', '', NULL, '', '', NULL, NULL, 0, 0, '', 0, 0, '', 0),
('201412-00012', 13, 6, 2, 2, 0, 2, 1, '2014-12-16 10:36:40', NULL, 'NMC011', '42480190TB', 'FOR FDC', NULL, 'FULLS', NULL, '2014-12-16', '826798412', '123456', '2014-12-16', '1200', '', NULL, NULL, 0, 0, '', 0, 0, '', 0),
('201412-00013', 14, 2, 6, 6, 0, 4, 1, '2014-12-16 10:46:39', NULL, 'NMC011', '45490190TC', '', NULL, 'FULLS', NULL, '2014-12-16', '', '', NULL, '900', '', NULL, NULL, 0, 0, '', 0, 0, '', 0),
('201412-00014', 15, 2, 4, 5, 0, 7, 1, '2014-12-16 10:51:08', NULL, 'NMC011', '45180190LM', '', NULL, 'FULLS', NULL, '2014-12-16', '', '', NULL, '1200', '', NULL, NULL, 0, 0, '', 0, 0, '', 0),
('201412-00015', 16, 2, 2, 2, 0, 1, 1, '2014-12-16 11:11:29', NULL, '', '', 'FOR FDC', NULL, 'EMPTY', NULL, NULL, '', '', NULL, '', '', NULL, NULL, 0, 0, '', 0, 0, '', 0),
('201412-00016', 17, 2, 1, 7, 0, 1, 3, '2014-12-16 11:19:53', NULL, '', '', '', NULL, 'EMPTY', NULL, NULL, '', '', NULL, '', '', NULL, NULL, 0, 0, '', 0, 0, '', 0),
('201412-00017', 18, 2, 1, 1, 0, 12, 3, '2014-12-16 11:22:43', '2014-12-17', 'NMC088', '46480190TA', '', NULL, 'FULLS', NULL, '2014-12-16', '826789456', '001/002/003', '2014-12-17', '700', '', NULL, NULL, 0, 0, '', 0, 0, '', 0),
('201412-00018', 19, 4, 1, 3, 0, 1, 2, '2014-12-16 11:34:07', NULL, '', '', '', NULL, 'FULLS', NULL, NULL, '', '', NULL, '', '', NULL, NULL, 0, 0, '', 0, 0, '', 0),
('201412-00019', 20, 5, 6, 6, 3, 1, 1, '2014-12-16 12:36:22', NULL, '', '', '5BAGS BOSPACK REWORK = STUFFED ON 14DEC14', NULL, 'FULLS', NULL, NULL, '', '', NULL, '', '', NULL, NULL, 3, 3, '', 0, 0, 'REWORK', 1),
('201412-00020', 21, 2, 2, 2, 3, 5, 1, '2014-12-16 12:39:24', NULL, 'NMC040', '', 'UNFINISH=9BAGS', NULL, 'FULLS', NULL, NULL, '', '', NULL, '', '9', NULL, NULL, 3, 3, '', 0, 0, '', 0),
('201412-00021', 22, 3, 12, 7, 3, 1, 1, '2014-12-16 12:40:33', NULL, '', '', '', NULL, 'EMPTY', NULL, NULL, '', '', NULL, '', '', NULL, NULL, 3, 3, '', 0, 0, '', 0),
('201412-00022', 23, 3, 12, 7, 3, 1, 1, '2014-12-16 12:41:05', NULL, '', '', '', NULL, 'EMPTY', NULL, NULL, '', '', NULL, '', '', NULL, NULL, 3, 3, '', 0, 0, '', 0),
('201412-00023', 24, 2, 2, 2, 3, 1, 1, '2014-12-16 12:43:43', NULL, 'NMC026', '42510190TC', '8411=320,8414=72,8417=103,9586=30', NULL, 'FULLS', NULL, '2014-12-15', '', '', NULL, '', '', NULL, NULL, 3, 3, '', 0, 0, '', 0),
('201412-00024', 25, 5, 2, 2, 0, 1, 1, '2014-12-16 12:45:52', NULL, '', '', '8410=31,8411=71,8412=86,8413=10,8414=37,8415=21,9587=40', NULL, 'FULLS', NULL, NULL, '', '', NULL, '', '', NULL, NULL, 0, 0, '', 0, 0, '', 0),
('201412-00025', 26, 2, 6, 2, 3, 1, 1, '2014-12-16 12:48:52', NULL, 'SSR018', '01904341PA', '9BAGS BIGBAG', NULL, 'FULLS', NULL, NULL, '', '', NULL, '', '9', NULL, NULL, 3, 3, '', 0, 0, '', 0),
('201412-00026', 27, 5, 2, 2, 3, 1, 1, '2014-12-16 12:50:14', NULL, '', '', '8410=50,8412=65,8417=96', NULL, 'FULLS', NULL, NULL, '', '', NULL, '', '', NULL, NULL, 3, 3, '', 0, 0, '', 0),
('201412-00027', 28, 2, 2, 2, 3, 1, 1, '2014-12-16 12:51:38', NULL, 'NMC049', '', '', NULL, 'FULLS', NULL, NULL, '', '', NULL, '', '13', NULL, NULL, 3, 3, '', 0, 0, '', 0),
('201412-00028', 29, 2, 2, 2, 3, 1, 1, '2014-12-16 12:54:51', '2014-12-20', 'NMC142', '019043462A', '', NULL, 'FULLS', NULL, '2014-12-12', '826372538', '138808', NULL, '', '18', NULL, NULL, 3, 3, '', 0, 0, '', 0),
('201412-00029', 30, 2, 4, 5, 3, 1, 1, '2014-12-16 12:56:28', NULL, 'GOT008', 'MIXED LOAD', 'TRIAL 0902=50,2399=600', NULL, 'FULLS', NULL, '2014-12-19', '', '', NULL, '', '', NULL, NULL, 3, 3, '', 0, 0, '', 0),
('201412-00030', 31, 5, 4, 5, 3, 1, 1, '2014-12-16 12:57:35', NULL, '', '', 'MIXED LOAD RM', NULL, 'FULLS', NULL, NULL, '', '', NULL, '', '', NULL, NULL, 3, 3, '', 0, 0, 'HOUSEKEEPING', 1),
('201412-00031', 32, 5, 2, 2, 3, 1, 1, '2014-12-16 12:58:14', NULL, '', '', 'MIXED LOAD RM', NULL, 'FULLS', NULL, NULL, '', '', NULL, '', '', NULL, NULL, 3, 3, '', 0, 0, 'HOUSEKEEPING', 1),
('201412-00032', 33, 5, 2, 2, 3, 1, 1, '2014-12-16 12:58:51', NULL, '', '', 'MIXED LOAD RM', NULL, 'FULLS', NULL, NULL, '', '', NULL, '', '', NULL, NULL, 3, 3, '', 0, 0, 'HOUSEKEEPING', 1),
('201412-00033', 34, 5, 2, 2, 0, 1, 1, '2014-12-16 12:59:32', NULL, '', '', 'MIXED LOAD RM', NULL, 'FULLS', NULL, NULL, '', '', NULL, '', '', NULL, NULL, 0, 0, '', 0, 0, 'HOUSEKEEPING', 1),
('201412-00034', 35, 2, 2, 2, 3, 1, 1, '2014-12-16 13:00:44', NULL, 'NMC016', '01904335EA', '', NULL, 'FULLS', NULL, '2014-12-02', '', '', NULL, '', '18', NULL, NULL, 3, 3, '', 0, 0, '', 0),
('201412-00035', 36, 2, 2, 2, 3, 1, 1, '2014-12-16 13:04:12', NULL, 'SLI416', '01904336EA', '', NULL, 'FULLS', NULL, '2014-12-02', '', '', NULL, '', '18', NULL, NULL, 3, 3, '', 0, 0, '', 0),
('201412-00036', 37, 5, 2, 2, 3, 1, 1, '2014-12-16 13:07:22', NULL, '', '', '8412=414,8417=68,8410=21', NULL, 'FULLS', NULL, NULL, '', '', NULL, '', '', NULL, NULL, 3, 3, '', 0, 0, '', 0),
('201412-00037', 38, 5, 2, 2, 3, 1, 1, '2014-12-16 13:08:53', NULL, '', '', 'REWORK MT BAG', NULL, 'FULLS', NULL, NULL, '', '', NULL, '', '', NULL, NULL, 3, 3, '', 0, 0, 'REWORK', 1),
('201412-00038', 39, 2, 2, 2, 3, 1, 1, '2014-12-16 13:11:22', NULL, 'NMC023', '01904336EB/EA', '', NULL, 'FULLS', NULL, '2014-12-02', '', '', NULL, '', '18', NULL, NULL, 3, 3, '', 0, 0, '', 0),
('201412-00039', 40, 5, 2, 2, 3, 1, 1, '2014-12-16 13:14:34', NULL, '', '', '8410=73,8411=105,8412=80,8413=1', NULL, 'FULLS', NULL, NULL, '', '', NULL, '', '', NULL, NULL, 3, 3, '', 0, 0, '', 0),
('201412-00040', 41, 2, 4, 5, 3, 1, 1, '2014-12-16 13:16:22', NULL, '', '', '', NULL, 'EMPTY', NULL, NULL, '', '', NULL, '', '', NULL, '2014-12-16 13:16:22', 3, 3, 'W/HOLE', 1, 1, '', 0),
('201412-00041', 42, 2, 4, 5, 3, 1, 1, '2014-12-16 13:19:14', NULL, '2GO093', '01904318EAEB', '', NULL, 'FULLS', NULL, '2014-12-04', '', '', NULL, '', '', NULL, NULL, 3, 3, '', 0, 0, '', 0),
('201412-00042', 43, 5, 2, 2, 3, 1, 1, '2014-12-16 13:23:20', NULL, '', '', 'MIXED LOAD FR MCS', NULL, 'FULLS', NULL, NULL, '', '', NULL, '', '', NULL, NULL, 3, 3, '', 0, 0, '', 0),
('201412-00043', 44, 5, 14, 2, 3, 1, 1, '2014-12-16 13:25:19', NULL, '', '', '8410=25,8411=159,8412=18,8413=59,8414=38,8417=8', NULL, 'FULLS', NULL, NULL, '', '', NULL, '', '', NULL, NULL, 3, 3, '', 0, 0, '', 0),
('201412-00044', 45, 5, 2, 2, 3, 1, 1, '2014-12-16 13:27:03', NULL, '', '', '8411=124,8412=315,8413=60,8414=94,8417=60,', NULL, 'FULLS', NULL, NULL, '', '', NULL, '', '', NULL, NULL, 3, 3, '', 0, 0, '', 0),
('201412-00045', 46, 2, 4, 5, 3, 1, 1, '2014-12-16 13:28:46', '2014-12-20', '2GO096', '18', '', NULL, 'FULLS', NULL, '2014-12-10', '826373736', '839527', NULL, '', '18', NULL, NULL, 3, 3, '', 0, 0, '', 0),
('201412-00046', 47, 5, 2, 2, 3, 1, 1, '2014-12-16 13:30:21', NULL, '', '', '8412=245,8411=70,8417=119,9586=173', NULL, 'FULLS', NULL, NULL, '', '', NULL, '', '', NULL, NULL, 3, 3, '', 0, 0, '', 0),
('201412-00047', 48, 2, 1, 1, 3, 1, 1, '2014-12-16 13:31:46', NULL, '', '', '', NULL, 'EMPTY', NULL, NULL, '', '', NULL, '', '', NULL, NULL, 3, 3, '', 0, 0, '', 0),
('201412-00048', 49, 3, 12, 7, 3, 1, 1, '2014-12-16 13:34:08', NULL, '', '', '', NULL, 'FULLS', NULL, NULL, '', '', NULL, '', '', NULL, NULL, 3, 3, '', 0, 0, '', 0),
('201412-00049', 50, 2, 2, 2, 3, 1, 1, '2014-12-16 13:35:48', NULL, 'NMC133', '01904338EC', '', NULL, 'FULLS', NULL, '2014-12-05', '', '', NULL, '', '', NULL, NULL, 3, 3, '', 0, 0, '', 0),
('201412-00050', 51, 2, 4, 5, 3, 1, 1, '2014-12-16 13:38:01', NULL, '2GO003', '0190433EB', '', NULL, 'FULLS', NULL, '2014-12-07', '', '', NULL, '', '18', NULL, NULL, 3, 3, '', 0, 0, '', 0),
('201412-00051', 52, 3, 2, 2, 3, 1, 1, '2014-12-16 13:39:26', NULL, '', '', 'MINCORR', NULL, 'FULLS', NULL, NULL, '', '', NULL, '', '', NULL, NULL, 3, 3, '', 0, 0, 'HOUSEKEEPING', 1),
('201412-00052', 53, 2, 6, 6, 3, 1, 1, '2014-12-16 13:41:27', '2014-12-26', 'SSR005', '01904340PC', '', NULL, 'FULLS', NULL, '2014-12-07', '826361713', '0013700', NULL, '', '18', NULL, NULL, 3, 3, '', 0, 0, '', 0),
('201412-00053', 54, 3, 2, 2, 3, 1, 1, '2014-12-16 13:47:18', NULL, '', '', 'TEMP.LOAD PALLETS', NULL, 'FULLS', NULL, NULL, '', '', NULL, '', '', NULL, NULL, 3, 3, '', 0, 0, 'HOUSEKEEPING', 1),
('201412-00054', 55, 2, 2, 2, 3, 1, 1, '2014-12-16 13:50:52', '2014-12-20', 'NMC049', '019043442B', '', NULL, 'FULLS', NULL, '2014-12-10', '826366069', '138810', NULL, '', '', NULL, NULL, 3, 3, '', 0, 0, '', 0),
('201412-00055', 56, 5, 2, 2, 3, 1, 1, '2014-12-16 13:52:58', NULL, '', '', '8412=349.976,8411=254,8413=120,', NULL, 'FULLS', NULL, NULL, '', '', NULL, '', '', NULL, NULL, 3, 3, '', 0, 0, '', 1),
('201412-00056', 57, 2, 2, 2, 0, 1, 1, '2014-12-18 00:49:39', NULL, '', '', '', NULL, 'EMPTY', NULL, NULL, '', '', NULL, '', '', NULL, NULL, 0, 0, '', 0, 0, '', 0),
('201412-00057', 58, 2, 2, 2, 0, 1, 1, '2014-12-18 00:52:08', NULL, 'NMC061', '43180190MB', '', NULL, 'FULLS', NULL, NULL, '', '', NULL, '', '', NULL, NULL, 0, 0, '', 0, 0, '', 0),
('201412-00058', 59, 2, 2, 2, 0, 1, 1, '2014-12-18 00:59:40', NULL, 'NMC031', '01904335', '', NULL, 'FULLS', NULL, '2014-12-02', '', '', NULL, '', '18', NULL, NULL, 0, 0, '', 0, 0, '', 0),
('201412-00059', 60, 1, 2, 9, 0, 1, 1, '2014-12-18 01:01:42', NULL, '', '', '', NULL, 'EMPTY', NULL, NULL, '', '', NULL, '', '', NULL, NULL, 0, 0, '', 0, 0, '', 0),
('201412-00060', 61, 3, 2, 2, 0, 1, 1, '2014-12-18 01:03:55', NULL, '', '', 'LOADED CARTONS', NULL, 'FULLS', NULL, NULL, '', '', NULL, '', '', NULL, NULL, 0, 0, '', 0, 0, 'HOUSEKEEPING', 1),
('201412-00061', 62, 5, 4, 5, 0, 1, 1, '2014-12-18 01:04:59', NULL, '', '', 'FINISHED GOODS', NULL, 'FULLS', NULL, NULL, '', '', NULL, '', '', NULL, NULL, 0, 0, '', 0, 0, '', 0),
('201412-00062', 63, 3, 2, 2, 0, 1, 1, '2014-12-18 01:06:00', NULL, '', '', 'MIXED LOAD CARTONS', NULL, 'FULLS', NULL, NULL, '', '', NULL, '', '', NULL, NULL, 0, 0, '', 0, 0, '', 0),
('201412-00063', 64, 2, 2, 2, 0, 1, 1, '2014-12-18 01:09:03', NULL, '', '', '', NULL, 'EMPTY', NULL, NULL, '', '', NULL, '', '', NULL, NULL, 0, 0, '', 0, 0, '', 0),
('201412-00064', 65, 2, 2, 2, 3, 1, 1, '2014-12-18 01:11:08', NULL, 'NMC021', '019043392A', '', NULL, 'FULLS', NULL, '2014-12-14', '', '', NULL, '', '18', NULL, NULL, 3, 3, '', 0, 0, '', 0),
('201412-00065', 66, 2, 6, 6, 0, 1, 1, '2014-12-18 01:16:28', NULL, '', '', '', NULL, 'EMPTY', NULL, NULL, '', '', NULL, '', '', NULL, NULL, 0, 0, '', 0, 0, '', 0),
('201412-00066', 67, 2, 2, 2, 0, 1, 1, '2014-12-18 01:19:18', NULL, 'NMC149', '0190425924', '1573=5,4723=1', NULL, 'FULLS', NULL, '2014-12-08', '', '', NULL, '', '6', NULL, NULL, 0, 0, '', 0, 0, '', 0),
('201412-00067', 68, 5, 14, 2, 0, 1, 1, '2014-12-18 01:22:30', NULL, '', '', 'TEMP.LOAD PALLETS', NULL, 'FULLS', NULL, NULL, '', '', NULL, '', '', NULL, NULL, 0, 0, '', 0, 0, 'HOUSEKEEPING', 1),
('201412-00068', 69, 2, 2, 2, 0, 8, 1, '2014-12-18 01:24:53', NULL, 'NMC111', '01904337EB', 'TEMP.LOAD PALLETS', NULL, 'FULLS', NULL, '2014-12-05', '', '', NULL, '', '', NULL, NULL, 0, 0, '', 0, 0, '', 0),
('201412-00069', 70, 2, 2, 2, 0, 1, 1, '2014-12-18 01:29:00', NULL, '2GO040', '0190433EC', '', NULL, 'FULLS', NULL, '2014-11-30', '', '', NULL, '', '18', NULL, NULL, 0, 0, '', 0, 0, '', 0),
('201412-00070', 71, 2, 4, 5, 0, 1, 1, '2014-12-18 01:41:28', NULL, '', '', '', NULL, 'EMPTY', NULL, NULL, '', '', NULL, '', '', NULL, NULL, 0, 0, '', 0, 0, '', 0),
('201412-00071', 72, 2, 2, 2, 0, 1, 1, '2014-12-18 01:43:31', NULL, '', '', '', NULL, 'EMPTY', NULL, NULL, '', '', NULL, '', '', NULL, NULL, 0, 0, '', 0, 0, '', 0),
('201412-00072', 73, 2, 2, 2, 0, 1, 1, '2014-12-18 02:02:06', NULL, 'NMC122', '01904336EA', '', NULL, 'FULLS', NULL, '2014-12-03', '', '', NULL, '', '18', NULL, NULL, 0, 0, '', 0, 0, '', 0),
('201412-00073', 74, 2, 2, 2, 0, 1, 1, '2014-12-18 02:09:09', NULL, 'NMC057', 'MIXED LOAD', '', NULL, 'FULLS', NULL, '2014-10-10', '', '', NULL, '', '', NULL, NULL, 0, 0, '', 0, 0, '', 0),
('201412-00074', 75, 2, 1, 3, 3, 1, 1, '2014-12-18 02:15:59', NULL, '', '', '', NULL, 'FULLS', NULL, '2014-12-08', '', '', NULL, '', '20', NULL, NULL, 3, 3, '', 0, 0, '', 0),
('201412-00075', 76, 2, 1, 3, 3, 1, 1, '2014-12-18 02:21:08', NULL, '2GO046', '019043412B', '', NULL, 'FULLS', NULL, '2014-12-12', '', '', NULL, '', '', NULL, NULL, 3, 3, '', 0, 0, '', 0),
('201412-00076', 77, 5, 2, 2, 0, 1, 1, '2014-12-18 02:25:22', NULL, '', '', '8410=219,8412=105,8413=21,8414=65,8415=40,8417=24', NULL, 'FULLS', NULL, NULL, '', '', NULL, '', '', NULL, NULL, 0, 0, '', 0, 0, '', 1),
('201412-00077', 78, 5, 2, 2, 0, 1, 1, '2014-12-18 02:27:57', NULL, '', '', 'EXP.POWDER JUNE AUG ZENETH', NULL, 'FULLS', NULL, NULL, '', '', NULL, '', '', NULL, NULL, 0, 0, '', 0, 0, 'REWORK', 1),
('201412-00078', 79, 2, 1, 3, 0, 1, 1, '2014-12-18 02:31:01', NULL, '2GO145', '0190432A', '', NULL, 'FULLS', NULL, '2014-12-02', '', '', NULL, '', '20', NULL, NULL, 0, 0, '', 0, 0, '', 0),
('201412-00079', 80, 2, 2, 2, 0, 1, 1, '2014-12-18 02:39:56', NULL, 'NMC040', '01904335EA', '', NULL, 'FULLS', NULL, '2014-12-02', '', '', NULL, '', '18', NULL, NULL, 0, 0, '', 0, 0, '', 0),
('201412-00080', 81, 2, 4, 5, 0, 1, 1, '2014-12-18 02:43:31', NULL, '2GO077', '01904336EA', '', NULL, 'FULLS', NULL, NULL, '', '', NULL, '', '18', NULL, NULL, 0, 0, '', 0, 0, '', 0),
('201412-00081', 82, 2, 2, 2, 3, 1, 1, '2014-12-18 02:45:37', '2014-12-20', 'NMC004', '01904339ZA', '', NULL, 'FULLS', NULL, '2014-12-05', '826366556', '138802', NULL, '', '18', NULL, NULL, 3, 3, '', 0, 0, '', 0),
('201412-00082', 83, 4, 4, 2, 0, 1, 1, '2014-12-18 02:47:02', NULL, '', '', '', NULL, 'FULLS', NULL, NULL, '', '', NULL, '', '', NULL, NULL, 0, 0, '', 0, 0, '', 0),
('201412-00083', 84, 2, 4, 5, 0, 1, 1, '2014-12-18 02:48:51', NULL, '2GO008', '01904339EA', '', NULL, 'FULLS', NULL, '2014-12-06', '', '', NULL, '', '', NULL, NULL, 0, 0, '', 0, 0, '', 0),
('201412-00084', 85, 2, 2, 2, 0, 1, 1, '2014-12-18 02:57:05', NULL, '', '', 'EXP.POWDER JUNE AUG ZENETH', NULL, 'EMPTY', NULL, NULL, '', '', NULL, '', '', NULL, NULL, 0, 0, '', 0, 0, '', 0),
('201412-00085', 86, 1, 2, 9, 0, 1, 1, '2014-12-18 02:59:17', NULL, '', '', '', NULL, 'FULLS', NULL, NULL, '', '', NULL, '', '', NULL, NULL, 0, 0, '', 0, 0, '', 0),
('201412-00086', 87, 1, 2, 9, 0, 1, 1, '2014-12-18 03:00:41', NULL, '', '', '', NULL, 'FULLS', NULL, NULL, '', '', NULL, '', '', NULL, NULL, 0, 0, '', 0, 0, '', 0),
('201412-00087', 85, 2, 2, 2, 0, 1, 1, '2014-12-18 03:03:57', NULL, '', '', '', NULL, 'EMPTY', NULL, NULL, '', '', NULL, '', '', NULL, NULL, 0, 0, '', 0, 0, '', 0),
('201412-00088', 53, 2, 1, 1, 0, 1, 1, '2014-12-18 03:08:49', NULL, '', '', '', NULL, 'FULLS', NULL, NULL, '', '', NULL, '', '', NULL, NULL, 0, 0, '', 0, 0, '', 0),
('201412-00089', 88, 2, 2, 2, 0, 1, 1, '2014-12-18 03:10:55', NULL, '', '', '', NULL, 'EMPTY', NULL, NULL, '', '', NULL, '', '', NULL, NULL, 0, 0, '', 0, 0, '', 0),
('201412-00090', 89, 5, 12, 6, 0, 1, 1, '2014-12-18 03:13:35', NULL, '', '', 'MIXED LOAD 8410=25,9586=350,0902=11,2399=30', NULL, 'FULLS', NULL, NULL, '', '', NULL, '', '', NULL, NULL, 0, 0, '', 0, 0, '', 0),
('201412-00091', 90, 3, 1, 3, 0, 1, 1, '2014-12-18 03:15:04', NULL, '', '', '', NULL, 'FULLS', NULL, NULL, '', '', NULL, '', '', NULL, NULL, 0, 0, '', 0, 0, '', 0),
('201412-00092', 91, 3, 1, 3, 0, 1, 1, '2014-12-18 03:16:39', NULL, '', '', '', NULL, 'FULLS', NULL, NULL, '', '', NULL, '', '', NULL, NULL, 0, 0, '', 0, 0, '', 0),
('201412-00093', 92, 2, 2, 2, 3, 1, 1, '2014-12-18 03:19:59', '2014-12-20', 'NMC107', '01904342B', '', NULL, 'FULLS', NULL, '2014-12-12', '826374333', '138805', NULL, '', '18', NULL, NULL, 3, 3, '', 0, 0, '', 0),
('201412-00094', 93, 5, 6, 6, 0, 1, 1, '2014-12-18 03:21:41', NULL, '', '', 'BACKLOAD FR DC', NULL, 'FULLS', NULL, NULL, '', '', NULL, '', '', NULL, NULL, 0, 0, '', 0, 0, 'BACKLOAD', 1),
('201412-00095', 94, 5, 21, 6, 0, 1, 1, '2014-12-18 03:24:40', NULL, '', '', 'MIXED LOAD 8411=183,8412=59,8413=94,8417=192,9586=40', NULL, 'FULLS', NULL, NULL, '', '', NULL, '', '', NULL, NULL, 0, 0, '', 0, 0, '', 0),
('201412-00096', 95, 2, 2, 2, 0, 1, 1, '2014-12-18 03:26:40', NULL, '', '', 'MIXED LOAD 8411=183,8412=59,8413=94,8417=192,9586=40', NULL, 'EMPTY', NULL, NULL, '', '', NULL, '', '', NULL, NULL, 0, 0, '', 0, 0, '', 0),
('201412-00097', 96, 2, 21, 6, 3, 1, 1, '2014-12-18 03:28:44', '2014-12-20', 'SSR005', '019043392C', '', NULL, 'FULLS', NULL, '2014-12-06', '826373954', '0013697', NULL, '', '18', NULL, NULL, 3, 3, '', 0, 0, '', 0),
('201412-00098', 97, 2, 1, 3, 3, 1, 1, '2014-12-18 03:31:02', NULL, '2GO007', '019043403A', '', NULL, 'FULLS', NULL, '2014-12-06', '', '', NULL, '', '20', NULL, NULL, 3, 3, '', 0, 0, '', 0),
('201412-00099', 98, 5, 2, 2, 0, 1, 1, '2014-12-18 03:33:16', NULL, '', '', 'TEMP. LOAD LAM.SCRAP', NULL, 'FULLS', NULL, NULL, '', '', NULL, '', '', NULL, NULL, 0, 0, '', 0, 0, 'HOUSEKEEPING', 1),
('201412-00100', 99, 2, 2, 2, 3, 1, 1, '2014-12-18 03:37:16', '2014-12-20', 'NMC043', '0190434452A', '', NULL, 'FULLS', NULL, '2014-12-01', '826366557', '138809', NULL, '', '', NULL, NULL, 3, 3, '', 0, 0, '', 0),
('201412-00101', 100, 2, 21, 7, 0, 1, 1, '2014-12-18 03:39:05', NULL, 'SSR032', '019043272B', '', NULL, 'FULLS', NULL, '2014-11-25', '', '', NULL, '', '16', NULL, NULL, 0, 0, '', 0, 0, '', 0),
('201412-00102', 101, 2, 1, 3, 0, 1, 1, '2014-12-18 03:41:28', NULL, '2GO021', '', 'UNFINISHED', NULL, 'FULLS', NULL, '2014-12-08', '', '', NULL, '', '7', NULL, NULL, 0, 0, '', 0, 0, '', 0),
('201412-00103', 102, 4, 1, 3, 0, 1, 1, '2014-12-18 03:43:02', NULL, '', '', '', NULL, 'FULLS', NULL, NULL, '', '', NULL, '', '', NULL, NULL, 0, 0, '', 0, 0, '', 0),
('201412-00104', 103, 5, 6, 2, 0, 1, 1, '2014-12-18 03:44:38', NULL, '', '', 'BACKLOAD FR DC', NULL, 'FULLS', NULL, NULL, '', '', NULL, '', '', NULL, NULL, 0, 0, '', 0, 0, 'BACKLOAD', 1),
('201412-00105', 104, 3, 2, 2, 0, 1, 1, '2014-12-18 03:46:06', NULL, '', '', '', NULL, 'FULLS', NULL, NULL, '', '', NULL, '', '', NULL, NULL, 0, 0, '', 0, 0, '', 0),
('201412-00106', 105, 2, 1, 1, 0, 1, 1, '2014-12-18 03:49:46', NULL, 'NMC114', 'MIXED LOAD', '8411=18,8412=64,8413=43,8417=53,9586=16', NULL, 'FULLS', NULL, '2014-11-18', '', '', NULL, '', '', NULL, NULL, 0, 0, '', 0, 0, '', 0),
('201412-00107', 106, 2, 6, 6, 0, 1, 1, '2014-12-18 03:53:15', NULL, 'SSR001', 'MIXED LOAD', '8411=87,8413=348,8414=87,8417=48', NULL, 'FULLS', NULL, NULL, '', '', NULL, '', '', NULL, NULL, 0, 0, '', 0, 0, '', 0),
('201412-00108', 107, 5, 2, 2, 0, 1, 1, '2014-12-18 03:55:01', NULL, '', '', '8410=100,8411=324,8412=69,8413=360', NULL, 'FULLS', NULL, NULL, '', '', NULL, '', '', NULL, NULL, 0, 0, '', 0, 0, '', 0),
('201412-00109', 35, 2, 2, 2, 0, 1, 1, '2014-12-18 03:56:34', NULL, 'NMC016', '01904335EA', '', NULL, 'FULLS', NULL, '2014-12-02', '', '', NULL, '', '', NULL, NULL, 0, 0, '', 0, 0, '', 0),
('201412-00110', 108, 2, 1, 3, 3, 1, 1, '2014-12-18 03:58:28', NULL, '2GO014', '01904343A', '', NULL, 'FULLS', NULL, NULL, '', '', NULL, '', '', NULL, NULL, 3, 3, '', 0, 0, '', 0),
('201412-00111', 109, 2, 12, 7, 0, 1, 1, '2014-12-18 04:00:26', NULL, '', '', '', NULL, 'EMPTY', NULL, NULL, '', '', NULL, '', '', NULL, '2014-12-18 04:00:26', 0, 0, 'ODOROUS', 1, 1, '', 0),
('201412-00112', 110, 2, 6, 6, 0, 1, 1, '2014-12-18 04:04:48', NULL, '2GO100', '', '8411=168,8412=350,0902=100', NULL, 'FULLS', NULL, NULL, '', '', NULL, '', '', NULL, NULL, 0, 0, '', 0, 0, '', 0),
('201412-00113', 111, 2, 12, 7, 3, 1, 1, '2014-12-18 04:07:57', NULL, 'SSR014', '', '8410=148411=66,8412=10,8413=401,8417=26,9586=76', NULL, 'FULLS', NULL, NULL, '', '', NULL, '', '', NULL, NULL, 3, 3, '', 0, 0, '', 0),
('201412-00114', 112, 5, 2, 2, 0, 1, 1, '2014-12-18 04:13:17', NULL, '', '', 'FOR CUT-OPEN', NULL, 'FULLS', NULL, NULL, '', '', NULL, '', '', NULL, NULL, 0, 0, '', 0, 0, '', 0),
('201412-00115', 113, 5, 2, 2, 0, 1, 1, '2014-12-18 04:15:09', NULL, '', '', 'MIXED LOAD 8412=35,8413=360,8414=24,0902=150', NULL, 'FULLS', NULL, NULL, '', '', NULL, '', '', NULL, NULL, 0, 0, '', 0, 0, '', 0),
('201412-00116', 114, 5, 4, 5, 0, 1, 1, '2014-12-18 04:17:06', NULL, '', '', '6BAGS, 3992 KG', NULL, 'FULLS', NULL, NULL, '', '', NULL, '', '', NULL, NULL, 0, 0, '', 0, 0, '', 0),
('201412-00117', 115, 5, 4, 5, 0, 1, 1, '2014-12-18 04:18:07', NULL, '', '', '5BAGS BOSPACKS', NULL, 'FULLS', NULL, NULL, '', '', NULL, '', '', NULL, NULL, 0, 0, '', 0, 0, '', 0),
('201412-00118', 116, 2, 2, 2, 0, 8, 1, '2014-12-18 04:19:42', NULL, 'NMC128', '01904338EA,EB,EC', 'FOR CDC', NULL, 'FULLS', NULL, '2014-12-05', '', '', NULL, '', '18', NULL, NULL, 0, 0, '', 0, 0, '', 0),
('201412-00119', 117, 2, 2, 2, 3, 1, 1, '2014-12-18 04:21:23', NULL, '', '', 'FOR COFIPAC', NULL, 'FULLS', NULL, '2014-11-03', '', '', NULL, '', '', NULL, NULL, 3, 3, '', 0, 0, '', 0),
('201412-00120', 118, 2, 21, 6, 0, 1, 1, '2014-12-18 04:22:54', NULL, '', '', 'REJECT', NULL, 'EMPTY', NULL, NULL, '', '', NULL, '', '', NULL, '2014-12-18 04:22:54', 0, 0, 'DENTED LOCK DOOR', 1, 1, '', 0),
('201412-00121', 119, 4, 1, 3, 0, 1, 2, '2014-12-18 04:31:13', NULL, '', '', '', NULL, 'FULLS', NULL, NULL, '', '', NULL, '', '', NULL, NULL, 0, 0, '', 0, 0, '', 0),
('201412-00122', 120, 4, 1, 3, 0, 1, 2, '2014-12-18 04:32:08', NULL, '', '', '', NULL, 'FULLS', NULL, NULL, '', '', NULL, '', '', NULL, NULL, 0, 0, '', 0, 0, '', 0),
('201412-00123', 121, 4, 1, 3, 0, 1, 2, '2014-12-18 04:32:47', NULL, '', '', '', NULL, 'FULLS', NULL, NULL, '', '', NULL, '', '', NULL, NULL, 0, 0, '', 0, 0, '', 0),
('201412-00124', 122, 4, 1, 3, 0, 1, 2, '2014-12-18 04:33:41', NULL, '', '', '', NULL, 'FULLS', NULL, NULL, '', '', NULL, '', '', NULL, NULL, 0, 0, '', 0, 0, '', 0),
('201412-00125', 123, 4, 1, 3, 0, 1, 2, '2014-12-18 04:34:19', NULL, '', '', '', NULL, 'FULLS', NULL, NULL, '', '', NULL, '', '', NULL, NULL, 0, 0, '', 0, 0, '', 0),
('201412-00126', 124, 4, 1, 3, 0, 1, 2, '2014-12-18 04:35:51', NULL, '', '', '', NULL, 'FULLS', NULL, NULL, '', '', NULL, '', '', NULL, NULL, 0, 0, '', 0, 0, '', 0),
('201412-00127', 125, 4, 1, 3, 0, 1, 2, '2014-12-18 04:36:38', NULL, '', '', '', NULL, 'FULLS', NULL, NULL, '', '', NULL, '', '', NULL, NULL, 0, 0, '', 0, 0, '', 0),
('201412-00128', 126, 4, 1, 3, 0, 1, 2, '2014-12-18 04:37:12', NULL, '', '', '', NULL, 'FULLS', NULL, NULL, '', '', NULL, '', '', NULL, NULL, 0, 0, '', 0, 0, '', 0),
('201412-00129', 127, 4, 1, 3, 0, 1, 2, '2014-12-18 04:37:59', NULL, '', '', '', NULL, 'FULLS', NULL, NULL, '', '', NULL, '', '', NULL, NULL, 0, 0, '', 0, 0, '', 0),
('201412-00130', 128, 4, 1, 3, 0, 1, 2, '2014-12-18 04:38:35', NULL, '', '', '', NULL, 'FULLS', NULL, NULL, '', '', NULL, '', '', NULL, NULL, 0, 0, '', 0, 0, '', 0),
('201412-00131', 129, 1, 1, 8, 0, 1, 1, '2014-12-18 04:40:10', NULL, '', '', '', NULL, 'FULLS', NULL, NULL, '', '', NULL, '', '', NULL, NULL, 0, 0, '', 0, 0, '', 0),
('201412-00132', 130, 1, 1, 8, 0, 1, 1, '2014-12-18 04:41:27', NULL, '', '', '', NULL, 'FULLS', NULL, NULL, '', '', NULL, '', '', NULL, NULL, 0, 0, '', 0, 0, '', 0),
('201412-00133', 131, 4, 1, 3, 0, 1, 2, '2014-12-18 04:42:22', NULL, '', '', '', NULL, 'FULLS', NULL, NULL, '', '', NULL, '', '', NULL, NULL, 0, 0, '', 0, 0, '', 0),
('201412-00134', 132, 4, 1, 3, 0, 1, 2, '2014-12-18 04:42:52', NULL, '', '', '', NULL, 'FULLS', NULL, NULL, '', '', NULL, '', '', NULL, NULL, 0, 0, '', 0, 0, '', 0),
('201412-00135', 133, 4, 1, 3, 0, 1, 2, '2014-12-18 04:43:37', NULL, '', '', '', NULL, 'FULLS', NULL, NULL, '', '', NULL, '', '', NULL, NULL, 0, 0, '', 0, 0, '', 0),
('201412-00136', 134, 4, 1, 3, 0, 1, 2, '2014-12-18 04:44:16', NULL, '', '', '', NULL, 'FULLS', NULL, NULL, '', '', NULL, '', '', NULL, NULL, 0, 0, '', 0, 0, '', 0),
('201412-00137', 135, 2, 2, 2, 0, 4, 1, '2014-12-18 04:45:26', NULL, 'NMC048', '019043342C', '', NULL, 'FULLS', NULL, '2014-12-09', '', '', NULL, '', '18', NULL, NULL, 0, 0, '', 0, 0, '', 0),
('201412-00138', 136, 2, 21, 6, 0, 1, 1, '2014-12-18 04:47:21', NULL, 'SSR004', '019043272B', '', NULL, 'FULLS', NULL, '2014-11-25', '', '', NULL, '', '18', NULL, NULL, 0, 0, '', 0, 0, '', 0),
('201412-00139', 137, 2, 14, 2, 0, 1, 1, '2014-12-18 04:49:06', NULL, '', '', '', NULL, 'EMPTY', NULL, NULL, '', '', NULL, '', '', NULL, NULL, 0, 0, '', 0, 0, '', 0),
('201412-00140', 138, 2, 2, 2, 3, 1, 1, '2014-12-18 04:52:34', NULL, 'NMC134', '01904306EB', '', NULL, 'FULLS', NULL, '2014-11-02', '', '', NULL, '', '18', NULL, NULL, 3, 3, '', 0, 0, '', 0),
('201412-00141', 139, 2, 1, 3, 3, 1, 1, '2014-12-18 04:54:37', NULL, '2GO052', '01904341DA', '', NULL, 'FULLS', NULL, '2014-12-07', '', '', NULL, '', '20', NULL, NULL, 3, 3, '', 0, 0, '', 0),
('201412-00142', 140, 4, 1, 3, 0, 1, 1, '2014-12-18 04:55:50', NULL, '', '', '', NULL, 'FULLS', NULL, NULL, '', '', NULL, '', '', NULL, NULL, 0, 0, '', 0, 0, '', 0),
('201412-00143', 141, 3, 2, 2, 0, 1, 1, '2014-12-18 04:57:22', NULL, '', '', 'LOADED CARTONS', NULL, 'FULLS', NULL, NULL, '', '', NULL, '', '', NULL, NULL, 0, 0, '', 0, 0, 'HOUSEKEEPING', 1),
('201412-00144', 142, 4, 21, 6, 0, 1, 1, '2014-12-18 04:59:06', NULL, '', '', 'LOADED CARTONS', NULL, 'FULLS', NULL, NULL, '', '', NULL, '', '', NULL, NULL, 0, 0, '', 0, 0, '', 0),
('201412-00145', 143, 2, 2, 2, 0, 1, 1, '2014-12-18 04:59:42', NULL, '', '', 'LOADED CARTONS', NULL, 'EMPTY', NULL, NULL, '', '', NULL, '', '', NULL, NULL, 0, 0, '', 0, 0, '', 0),
('201412-00146', 144, 2, 1, 3, 3, 6, 1, '2014-12-18 05:01:45', NULL, '2GO013', '019043403A', '', NULL, 'FULLS', NULL, '2014-12-06', '', '', NULL, '', '20', NULL, NULL, 3, 3, '', 0, 0, '', 0),
('201412-00147', 145, 2, 6, 6, 3, 1, 1, '2014-12-18 05:03:30', NULL, '2GO146', '', 'MIXED LOAD ''S'',8413=110,9586=210,8412=73.24,8411=62,8417=1', NULL, 'FULLS', NULL, '2014-12-13', '', '', NULL, '', '', NULL, NULL, 3, 3, '', 0, 0, '', 0),
('201412-00148', 146, 4, 1, 3, 0, 1, 1, '2014-12-18 05:04:25', NULL, '', '', '', NULL, 'FULLS', NULL, NULL, '', '', NULL, '', '', NULL, NULL, 0, 0, '', 0, 0, '', 0),
('201412-00149', 147, 4, 1, 3, 0, 1, 1, '2014-12-18 05:04:55', NULL, '', '', '', NULL, 'FULLS', NULL, NULL, '', '', NULL, '', '', NULL, NULL, 0, 0, '', 0, 0, '', 0),
('201412-00150', 148, 4, 1, 3, 0, 1, 1, '2014-12-18 05:05:32', NULL, '', '', '', NULL, 'FULLS', NULL, NULL, '', '', NULL, '', '', NULL, NULL, 0, 0, '', 0, 0, '', 0),
('201412-00151', 149, 2, 6, 6, 0, 1, 1, '2014-12-18 05:07:22', NULL, 'SSR055', '', 'MIXED LOAD', NULL, 'FULLS', NULL, '2014-11-18', '', '', NULL, '', '', NULL, NULL, 0, 0, '', 0, 0, '', 0),
('201412-00152', 150, 2, 4, 5, 0, 1, 1, '2014-12-18 05:08:53', NULL, '2GO120', '', 'MIXED LOAD', NULL, 'FULLS', NULL, NULL, '', '', NULL, '', '', NULL, NULL, 0, 0, '', 0, 0, '', 0),
('201412-00153', 151, 2, 4, 5, 0, 8, 1, '2014-12-18 05:10:10', NULL, '2GO066', '01904337EB,EC,EA', '', NULL, 'FULLS', NULL, '2014-12-04', '', '', NULL, '', '18', NULL, NULL, 0, 0, '', 0, 0, '', 0),
('201412-00154', 152, 2, 4, 5, 0, 1, 1, '2014-12-18 05:14:05', NULL, '2GO132', '01904335EA', '', NULL, 'FULLS', NULL, '2014-12-03', '', '', NULL, '', '18', NULL, NULL, 0, 0, '', 0, 0, '', 0),
('201412-00155', 153, 2, 1, 3, 0, 1, 1, '2014-12-18 05:15:06', NULL, '2GO009', '019043382B', '', NULL, 'FULLS', NULL, '2014-12-05', '', '', NULL, '', '20', NULL, NULL, 0, 0, '', 0, 0, '', 0),
('201412-00156', 154, 4, 1, 3, 0, 1, 1, '2014-12-18 05:16:33', NULL, '', '', '', NULL, 'FULLS', NULL, NULL, '', '', NULL, '', '', NULL, NULL, 0, 0, '', 0, 0, '', 0),
('201412-00157', 155, 4, 1, 3, 0, 1, 1, '2014-12-18 05:17:15', NULL, '', '', '', NULL, 'FULLS', NULL, NULL, '', '', NULL, '', '', NULL, NULL, 0, 0, '', 0, 0, '', 0),
('201412-00158', 156, 4, 1, 3, 0, 1, 1, '2014-12-18 05:17:48', NULL, '', '', '', NULL, 'FULLS', NULL, NULL, '', '', NULL, '', '', NULL, NULL, 0, 0, '', 0, 0, '', 0),
('201412-00159', 157, 4, 1, 3, 0, 1, 1, '2014-12-18 05:18:19', NULL, '', '', '', NULL, 'FULLS', NULL, NULL, '', '', NULL, '', '', NULL, NULL, 0, 0, '', 0, 0, '', 0),
('201412-00160', 158, 4, 1, 3, 0, 1, 1, '2014-12-18 05:18:50', NULL, '', '', '', NULL, 'FULLS', NULL, NULL, '', '', NULL, '', '', NULL, NULL, 0, 0, '', 0, 0, '', 0),
('201412-00161', 159, 4, 1, 3, 0, 1, 1, '2014-12-18 05:19:22', NULL, '', '', '', NULL, 'FULLS', NULL, NULL, '', '', NULL, '', '', NULL, NULL, 0, 0, '', 0, 0, '', 0),
('201412-00162', 160, 4, 1, 3, 0, 1, 1, '2014-12-18 05:19:58', NULL, '', '', '', NULL, 'FULLS', NULL, NULL, '', '', NULL, '', '', NULL, NULL, 0, 0, '', 0, 0, '', 0),
('201412-00163', 161, 4, 1, 3, 0, 1, 1, '2014-12-18 05:21:19', NULL, '', '', '', NULL, 'FULLS', NULL, NULL, '', '', NULL, '', '', NULL, NULL, 0, 0, '', 0, 0, '', 0),
('201412-00164', 162, 2, 4, 5, 3, 1, 1, '2014-12-18 05:23:28', NULL, '2GO063', '01904342D', 'BBI BULK', NULL, 'FULLS', NULL, '2014-12-10', '826374274', '839529', NULL, '', '18', NULL, NULL, 3, 3, '', 0, 0, '', 0),
('201412-00165', 163, 4, 1, 3, 0, 1, 1, '2014-12-18 05:24:12', NULL, '', '', '', NULL, 'FULLS', NULL, NULL, '', '', NULL, '', '', NULL, NULL, 0, 0, '', 0, 0, '', 0),
('201412-00166', 164, 4, 1, 3, 0, 1, 1, '2014-12-18 05:24:39', NULL, '', '', '', NULL, 'FULLS', NULL, NULL, '', '', NULL, '', '', NULL, NULL, 0, 0, '', 0, 0, '', 0),
('201412-00167', 165, 5, 2, 2, 0, 1, 1, '2014-12-18 05:28:53', NULL, '', '', 'MIXED LOAD', NULL, 'FULLS', NULL, NULL, '', '', NULL, '', '', NULL, NULL, 0, 0, '', 0, 0, '', 0),
('201412-00168', 166, 5, 2, 2, 0, 1, 1, '2014-12-18 05:29:57', NULL, '', '', 'MIXED LOAD', NULL, 'FULLS', NULL, NULL, '', '', NULL, '', '', NULL, NULL, 0, 0, '', 0, 0, '', 0),
('201412-00169', 167, 5, 2, 2, 0, 1, 1, '2014-12-18 05:31:07', NULL, '', '', 'MIXED LOAD', NULL, 'FULLS', NULL, NULL, '', '', NULL, '', '', NULL, NULL, 0, 0, '', 0, 0, '', 0),
('201412-00170', 168, 2, 2, 2, 0, 1, 1, '2014-12-18 05:32:37', NULL, '', '', 'MIXED LOAD', NULL, 'EMPTY', NULL, NULL, '', '', NULL, '', '', NULL, NULL, 0, 0, '', 0, 0, '', 0),
('201412-00171', 169, 2, 1, 3, 3, 1, 1, '2014-12-18 05:34:31', NULL, '2GO147', '01904342', '', NULL, 'FULLS', NULL, '2014-12-08', '', '', NULL, '', '', NULL, NULL, 3, 3, '', 0, 0, '', 0),
('201412-00172', 170, 2, 21, 6, 3, 1, 1, '2014-12-18 05:36:02', '2014-12-20', 'SSR009', '01943443A', '', NULL, 'FULLS', NULL, '2014-12-10', '826368558', '0013692', NULL, '', '18', NULL, NULL, 3, 3, '', 0, 0, '', 0),
('201412-00173', 171, 4, 1, 3, 0, 1, 2, '2014-12-18 05:38:11', NULL, '', '', '', NULL, 'FULLS', NULL, NULL, '', '', NULL, '', '', NULL, NULL, 0, 0, '', 0, 0, '', 0),
('201412-00174', 172, 4, 1, 3, 0, 1, 2, '2014-12-18 05:39:05', NULL, '', '', '', NULL, 'FULLS', NULL, NULL, '', '', NULL, '', '', NULL, NULL, 0, 0, '', 0, 0, '', 0),
('201412-00175', 173, 4, 1, 3, 0, 1, 2, '2014-12-18 05:40:22', NULL, '', '', '', NULL, 'FULLS', NULL, NULL, '', '', NULL, '', '', NULL, NULL, 0, 0, '', 0, 0, '', 0),
('201412-00176', 174, 4, 1, 3, 0, 1, 2, '2014-12-18 05:40:54', NULL, '', '', '', NULL, 'FULLS', NULL, NULL, '', '', NULL, '', '', NULL, NULL, 0, 0, '', 0, 0, '', 0),
('201412-00177', 175, 4, 1, 3, 0, 1, 2, '2014-12-18 05:41:43', NULL, '', '', '', NULL, 'FULLS', NULL, NULL, '', '', NULL, '', '', NULL, NULL, 0, 0, '', 0, 0, '', 0),
('201412-00178', 176, 4, 1, 3, 0, 1, 2, '2014-12-18 05:42:31', NULL, '', '', '', NULL, 'FULLS', NULL, NULL, '', '', NULL, '', '', NULL, NULL, 0, 0, '', 0, 0, '', 0),
('201412-00179', 177, 4, 1, 1, 0, 1, 2, '2014-12-18 05:43:37', NULL, '', '', '', NULL, 'FULLS', NULL, NULL, '', '', NULL, '', '', NULL, NULL, 0, 0, '', 0, 0, '', 0),
('201412-00180', 178, 4, 1, 3, 0, 1, 2, '2014-12-18 05:44:25', NULL, '', '', '', NULL, 'FULLS', NULL, NULL, '', '', NULL, '', '', NULL, NULL, 0, 0, '', 0, 0, '', 0),
('201412-00181', 179, 4, 1, 3, 0, 1, 1, '2014-12-18 05:45:45', NULL, '', '', '', NULL, 'FULLS', NULL, NULL, '', '', NULL, '', '', NULL, NULL, 0, 0, '', 0, 0, '', 0),
('201412-00182', 180, 4, 1, 3, 0, 1, 1, '2014-12-18 05:47:12', NULL, '', '', '', NULL, 'FULLS', NULL, NULL, '', '', NULL, '', '', NULL, NULL, 0, 0, '', 0, 0, '', 0),
('201412-00183', 181, 2, 1, 3, 3, 1, 1, '2014-12-18 05:48:58', NULL, '2GO126', '01904343B', '', NULL, 'FULLS', NULL, '2014-12-08', '', '', NULL, '', '20', NULL, NULL, 3, 3, '', 0, 0, '', 0),
('201412-00184', 182, 2, 2, 2, 0, 1, 1, '2014-12-18 05:49:56', NULL, '', '', '', NULL, 'EMPTY', NULL, NULL, '', '', NULL, '', '', NULL, NULL, 0, 0, '', 0, 0, '', 0),
('201412-00185', 183, 4, 1, 8, 0, 1, 1, '2014-12-18 05:51:36', NULL, '', '', '', NULL, 'FULLS', NULL, NULL, '', '', NULL, '', '', NULL, NULL, 0, 0, '', 0, 0, '', 0),
('201412-00186', 184, 2, 2, 2, 0, 1, 1, '2014-12-18 05:53:55', NULL, '', '', '', NULL, 'EMPTY', NULL, NULL, '', '', NULL, '', '', NULL, '2014-12-18 05:53:55', 0, 0, 'ODOROUS', 1, 1, '', 0),
('201412-00187', 185, 5, 6, 2, 0, 1, 1, '2014-12-18 05:55:36', NULL, '', '', 'FROM CDC', NULL, 'FULLS', NULL, NULL, '', '', NULL, '', '', NULL, NULL, 0, 0, '', 0, 0, 'BACKLOAD', 1),
('201412-00188', 186, 4, 14, 2, 0, 1, 1, '2014-12-18 05:57:40', NULL, '', '', 'TEMP.LOAD', NULL, 'FULLS', NULL, NULL, '', '', NULL, '', '', NULL, NULL, 0, 0, '', 0, 0, 'HOUSEKEEPING', 1),
('201412-00189', 187, 4, 1, 3, 0, 1, 1, '2014-12-18 05:59:04', NULL, '', '', '', NULL, 'FULLS', NULL, NULL, '', '', NULL, '', '', NULL, NULL, 0, 0, '', 0, 0, '', 0),
('201412-00190', 188, 4, 1, 3, 0, 1, 1, '2014-12-18 06:00:01', NULL, '', '', '', NULL, 'EMPTY', NULL, NULL, '', '', NULL, '', '', '2014-12-20', NULL, 0, 0, '', 0, 0, '', 0),
('201412-00191', 189, 4, 1, 3, 0, 1, 1, '2014-12-18 06:01:12', NULL, '', '', '', NULL, 'FULLS', NULL, NULL, '', '', NULL, '', '', NULL, NULL, 0, 0, '', 0, 0, '', 0),
('201412-00192', 190, 4, 1, 3, 0, 1, 1, '2014-12-18 06:02:01', NULL, '', '', '', NULL, 'FULLS', NULL, NULL, '', '', NULL, '', '', NULL, NULL, 0, 0, '', 0, 0, '', 0),
('201412-00193', 191, 4, 1, 3, 0, 1, 1, '2014-12-18 06:03:09', NULL, '', '', '', NULL, 'FULLS', NULL, NULL, '', '', NULL, '', '', NULL, NULL, 0, 0, '', 0, 0, '', 0),
('201412-00194', 192, 4, 1, 3, 0, 1, 1, '2014-12-18 06:03:49', NULL, '', '', '', NULL, 'FULLS', NULL, NULL, '', '', NULL, '', '', NULL, NULL, 0, 0, '', 0, 0, '', 0),
('201412-00195', 193, 2, 2, 2, 0, 1, 1, '2014-12-18 06:07:25', NULL, '', '', '', NULL, 'EMPTY', NULL, NULL, '', '', NULL, '', '', NULL, NULL, 0, 0, '', 0, 0, '', 0),
('201412-00196', 194, 2, 4, 5, 0, 1, 1, '2014-12-18 06:08:58', NULL, '', '', '', NULL, 'EMPTY', NULL, NULL, '', '', NULL, '', '', NULL, NULL, 0, 0, '', 0, 0, '', 0),
('201412-00197', 195, 2, 6, 6, 0, 1, 1, '2014-12-18 06:10:32', NULL, '', '', '', NULL, 'EMPTY', NULL, NULL, '', '', NULL, '', '', NULL, NULL, 0, 0, '', 0, 0, '', 0),
('201412-00198', 196, 2, 6, 6, 0, 1, 1, '2014-12-18 06:11:04', NULL, '', '', '', NULL, 'EMPTY', NULL, NULL, '', '', NULL, '', '', NULL, NULL, 0, 0, '', 0, 0, '', 0),
('201412-00199', 197, 2, 2, 2, 3, 1, 1, '2014-12-18 06:19:41', NULL, 'NMC050', '01904265EA', '', NULL, 'FULLS', NULL, '2014-11-24', '', '', NULL, '', '18', NULL, NULL, 3, 3, '', 0, 0, '', 0),
('201412-00200', 198, 4, 1, 3, 0, 1, 1, '2014-12-18 06:21:07', NULL, '', '', '', NULL, 'FULLS', NULL, NULL, '', '', NULL, '', '', NULL, NULL, 0, 0, '', 0, 0, '', 0),
('201412-00201', 199, 4, 1, 3, 0, 1, 1, '2014-12-18 06:23:33', NULL, '', '', '', NULL, 'FULLS', NULL, NULL, '', '', NULL, '', '', NULL, NULL, 0, 0, '', 0, 0, '', 0),
('201412-00202', 200, 4, 1, 3, 0, 1, 1, '2014-12-18 06:25:27', NULL, '', '', '', NULL, 'FULLS', NULL, NULL, '', '', NULL, '', '', NULL, NULL, 0, 0, '', 0, 0, '', 0),
('201412-00203', 201, 4, 1, 3, 0, 1, 1, '2014-12-18 06:26:42', NULL, '', '', '', NULL, 'FULLS', NULL, NULL, '', '', NULL, '', '', NULL, NULL, 0, 0, '', 0, 0, '', 0),
('201412-00204', 202, 4, 1, 3, 0, 1, 1, '2014-12-18 06:27:51', NULL, '', '', '', NULL, 'FULLS', NULL, NULL, '', '', NULL, '', '', NULL, NULL, 0, 0, '', 0, 0, '', 0),
('201412-00205', 203, 4, 1, 3, 0, 1, 1, '2014-12-18 06:29:03', NULL, '', '', '', NULL, 'FULLS', NULL, NULL, '', '', NULL, '', '', NULL, NULL, 0, 0, '', 0, 0, '', 0),
('201412-00206', 204, 4, 1, 3, 0, 1, 1, '2014-12-18 06:30:01', NULL, '', '', '', NULL, 'FULLS', NULL, NULL, '', '', NULL, '', '', NULL, NULL, 0, 0, '', 0, 0, '', 0),
('201412-00207', 205, 4, 1, 3, 0, 1, 1, '2014-12-18 06:31:14', NULL, '', '', '', NULL, 'FULLS', NULL, NULL, '', '', NULL, '', '', NULL, NULL, 0, 0, '', 0, 0, '', 0),
('201412-00208', 206, 4, 1, 3, 0, 1, 1, '2014-12-18 06:32:08', NULL, '', '', '', NULL, 'FULLS', NULL, NULL, '', '', NULL, '', '', NULL, NULL, 0, 0, '', 0, 0, '', 0),
('201412-00209', 207, 2, 21, 6, 0, 1, 1, '2014-12-18 06:33:17', NULL, '', '', '', NULL, 'EMPTY', NULL, NULL, '', '', NULL, '', '', NULL, NULL, 0, 0, '', 0, 0, '', 0),
('201412-00210', 208, 2, 1, 3, 0, 1, 1, '2014-12-18 06:35:30', NULL, '2GO112', '019043412C', '', NULL, 'FULLS', NULL, '2014-12-08', '', '', NULL, '', '20', NULL, NULL, 0, 0, '', 0, 0, '', 0),
('201412-00211', 209, 2, 6, 6, 0, 1, 1, '2014-12-18 06:37:59', NULL, '', '', '', NULL, 'EMPTY', NULL, NULL, '', '', NULL, '', '', NULL, NULL, 0, 0, '', 0, 0, '', 0),
('201412-00212', 210, 2, 1, 1, 3, 1, 1, '2014-12-18 06:41:25', NULL, 'MYB012', '01943392B', '', NULL, 'FULLS', NULL, '2014-12-05', '', '', NULL, '', '20', NULL, NULL, 3, 3, '', 0, 0, '', 0),
('201412-00213', 211, 5, 6, 6, 0, 1, 1, '2014-12-18 06:43:17', NULL, '', '', '10BAGS', NULL, 'FULLS', NULL, NULL, '', '', NULL, '', '', NULL, NULL, 0, 0, '', 0, 0, '', 0),
('201412-00214', 212, 4, 1, 3, 0, 1, 1, '2014-12-18 06:45:01', NULL, '', '', '', NULL, 'FULLS', NULL, NULL, '', '', NULL, '', '', NULL, NULL, 0, 0, '', 0, 0, '', 0),
('201412-00215', 213, 5, 21, 6, 0, 1, 1, '2014-12-18 06:46:40', NULL, '', '', 'MIXED LOAD, 8412=70,8417=288,0896=280', NULL, 'FULLS', NULL, NULL, '', '', NULL, '', '', NULL, NULL, 0, 0, '', 0, 0, '', 0),
('201412-00216', 214, 4, 1, 3, 0, 1, 1, '2014-12-18 06:48:35', NULL, '', '', '', NULL, 'FULLS', NULL, NULL, '', '', NULL, '', '', NULL, NULL, 0, 0, '', 0, 0, '', 0),
('201412-00217', 215, 4, 1, 3, 0, 1, 1, '2014-12-18 06:49:46', NULL, '', '', '', NULL, 'FULLS', NULL, NULL, '', '', NULL, '', '', NULL, NULL, 0, 0, '', 0, 0, '', 0),
('201412-00218', 216, 4, 1, 3, 0, 1, 1, '2014-12-18 06:50:59', NULL, '', '', '', NULL, 'FULLS', NULL, NULL, '', '', NULL, '', '', NULL, NULL, 0, 0, '', 0, 0, '', 0),
('201412-00219', 217, 4, 1, 3, 0, 1, 1, '2014-12-18 06:51:55', NULL, '', '', '', NULL, 'FULLS', NULL, NULL, '', '', NULL, '', '', NULL, NULL, 0, 0, '', 0, 0, '', 0),
('201412-00220', 218, 2, 2, 2, 3, 1, 1, '2014-12-18 06:56:18', NULL, 'NMC110', 'MIXED BATCHCODE', '', NULL, 'FULLS', NULL, '2014-12-01', '', '', NULL, '', '', NULL, NULL, 3, 3, '', 0, 0, '', 0),
('201412-00221', 219, 2, 1, 3, 0, 1, 1, '2014-12-18 06:58:40', NULL, '2GO073', '019043373B', '', NULL, 'FULLS', NULL, '2014-12-05', '', '', NULL, '', '', NULL, NULL, 0, 0, '', 0, 0, '', 0),
('201412-00222', 220, 2, 2, 2, 3, 1, 1, '2014-12-18 07:02:54', '2014-12-20', 'NMC124', '019043372C', '', NULL, 'FULLS', NULL, '2014-12-04', '826372925', '138807', NULL, '', '18', NULL, NULL, 3, 3, '', 0, 0, '', 0),
('201412-00223', 221, 2, 2, 2, 3, 1, 1, '2014-12-18 07:05:24', '2014-12-20', 'NMC135', '019043442C', '', NULL, 'FULLS', NULL, '2014-12-11', '826371826', '0013696', NULL, '', '18', NULL, NULL, 3, 3, '', 0, 0, '', 0),
('201412-00224', 222, 4, 4, 2, 0, 1, 1, '2014-12-18 07:08:00', NULL, '', '', '', NULL, 'EMPTY', NULL, NULL, '', '', NULL, '', '', '2015-04-20', NULL, 0, 0, '', 0, 0, '', 0),
('201412-00225', 223, 2, 2, 2, 0, 1, 1, '2014-12-18 07:09:42', NULL, '', '', '', NULL, 'EMPTY', NULL, NULL, '', '', NULL, '', '', NULL, NULL, 0, 0, '', 0, 0, '', 0),
('201412-00226', 224, 2, 1, 3, 3, 1, 1, '2014-12-18 07:12:33', NULL, '2GO150', '019043413A', '', NULL, 'FULLS', NULL, '2014-12-07', '', '', NULL, '', '20', NULL, NULL, 3, 3, '', 0, 0, '', 0),
('201412-00227', 225, 2, 1, 3, 3, 1, 1, '2014-12-18 07:14:43', NULL, '2GO049', '019043402B', '', NULL, 'FULLS', NULL, '2014-12-07', '', '', NULL, '', '20', NULL, NULL, 3, 3, '', 0, 0, '', 0),
('201412-00228', 226, 2, 2, 2, 0, 1, 1, '2014-12-18 07:18:12', NULL, '', '', 'ASSORTED LAM. SCRAP', NULL, 'FULLS', NULL, NULL, '', '', NULL, '', '', NULL, NULL, 0, 0, '', 0, 0, '', 0),
('201412-00229', 227, 2, 2, 2, 3, 3, 1, '2014-12-18 07:20:26', '2014-12-20', 'NMC114', '019043372C', '', NULL, 'FULLS', NULL, '2014-12-04', '826363400', '138806', NULL, '', '18', NULL, NULL, 3, 3, '', 0, 0, '', 0),
('201412-00230', 228, 4, 1, 8, 0, 1, 1, '2014-12-18 07:25:22', NULL, '', '', 'ASSORTED LAM. SCRAP', NULL, 'FULLS', NULL, NULL, '', '', NULL, '', '', NULL, NULL, 0, 0, '', 0, 0, '', 0),
('201412-00231', 229, 4, 1, 8, 0, 1, 1, '2014-12-18 07:26:51', NULL, '', '', '', NULL, 'FULLS', NULL, NULL, '', '', NULL, '', '', NULL, NULL, 0, 0, '', 0, 0, '', 0),
('201412-00232', 230, 2, 1, 3, 3, 1, 1, '2014-12-18 07:30:07', NULL, '2GO072', '019040403B', '', NULL, 'FULLS', NULL, '2014-12-07', '', '', NULL, '', '20', NULL, NULL, 3, 3, '', 0, 0, '', 0),
('201412-00233', 231, 4, 1, 2, 0, 1, 1, '2014-12-18 07:33:24', NULL, '', '', '', NULL, 'FULLS', NULL, NULL, '', '', NULL, '', '', NULL, NULL, 0, 0, '', 0, 0, '', 0),
('201412-00234', 232, 4, 1, 3, 0, 1, 1, '2014-12-18 07:36:41', NULL, '', '', '', NULL, 'FULLS', NULL, NULL, '', '', NULL, '', '', NULL, NULL, 0, 0, '', 0, 0, '', 0),
('201412-00235', 233, 4, 1, 3, 0, 1, 1, '2014-12-18 07:37:33', NULL, '', '', '', NULL, 'FULLS', NULL, NULL, '', '', NULL, '', '', NULL, NULL, 0, 0, '', 0, 0, '', 0),
('201412-00236', 234, 2, 4, 5, 0, 1, 1, '2014-12-18 07:39:48', NULL, '', '', '', NULL, 'EMPTY', NULL, NULL, '', '', NULL, '', '', NULL, NULL, 0, 0, '', 0, 0, '', 0),
('201412-00237', 235, 4, 1, 3, 0, 1, 1, '2014-12-18 07:40:56', NULL, '', '', '', NULL, 'FULLS', NULL, NULL, '', '', NULL, '', '', NULL, NULL, 0, 0, '', 0, 0, '', 0),
('201412-00238', 236, 4, 1, 3, 0, 1, 1, '2014-12-18 07:41:59', NULL, '', '', '', NULL, 'FULLS', NULL, NULL, '', '', NULL, '', '', NULL, NULL, 0, 0, '', 0, 0, '', 0),
('201412-00239', 237, 4, 1, 3, 0, 1, 1, '2014-12-18 07:43:09', NULL, '', '', '', NULL, 'FULLS', NULL, NULL, '', '', NULL, '', '', NULL, NULL, 0, 0, '', 0, 0, '', 0),
('201412-00240', 238, 4, 1, 3, 0, 1, 1, '2014-12-18 07:44:14', NULL, '', '', '', NULL, 'FULLS', NULL, NULL, '', '', NULL, '', '', NULL, NULL, 0, 0, '', 0, 0, '', 0),
('201412-00241', 239, 4, 1, 3, 0, 1, 1, '2014-12-18 07:45:05', NULL, '', '', '', NULL, 'FULLS', NULL, NULL, '', '', NULL, '', '', NULL, NULL, 0, 0, '', 0, 0, '', 0),
('201412-00242', 240, 4, 1, 3, 0, 1, 1, '2014-12-18 07:46:13', NULL, '', '', '', NULL, 'FULLS', NULL, NULL, '', '', NULL, '', '', NULL, NULL, 0, 0, '', 0, 0, '', 0),
('201412-00243', 241, 4, 1, 3, 0, 1, 1, '2014-12-18 07:47:10', NULL, '', '', '', NULL, 'FULLS', NULL, NULL, '', '', NULL, '', '', NULL, NULL, 0, 0, '', 0, 0, '', 0),
('201412-00244', 242, 4, 1, 3, 0, 1, 1, '2014-12-18 07:48:35', NULL, '', '', '', NULL, 'FULLS', NULL, NULL, '', '', NULL, '', '', NULL, NULL, 0, 0, '', 0, 0, '', 0),
('201412-00245', 243, 4, 1, 3, 0, 1, 1, '2014-12-18 07:49:58', NULL, '', '', '', NULL, 'FULLS', NULL, NULL, '', '', NULL, '', '', NULL, NULL, 0, 0, '', 0, 0, '', 0),
('201412-00246', 244, 2, 4, 5, 0, 1, 1, '2014-12-18 08:13:11', NULL, '', '', '', NULL, 'EMPTY', NULL, NULL, '', '', NULL, '', '', NULL, NULL, 0, 0, '', 0, 0, '', 0),
('201412-00247', 245, 2, 6, 6, 0, 1, 1, '2014-12-18 08:13:49', NULL, '', '', '', NULL, 'EMPTY', NULL, NULL, '', '', NULL, '', '', NULL, NULL, 0, 0, '', 0, 0, '', 0),
('201412-00248', 246, 4, 1, 8, 0, 1, 1, '2014-12-18 08:15:51', NULL, '', '', '', NULL, 'FULLS', NULL, NULL, '', '', NULL, '', '', NULL, NULL, 0, 0, '', 0, 0, '', 0),
('201412-00249', 247, 4, 1, 3, 0, 1, 1, '2014-12-18 08:16:49', NULL, '', '', '', NULL, 'FULLS', NULL, NULL, '', '', NULL, '', '', NULL, NULL, 0, 0, '', 0, 0, '', 0),
('201412-00250', 248, 4, 1, 3, 0, 1, 1, '2014-12-18 08:17:59', NULL, '', '', '', NULL, 'FULLS', NULL, NULL, '', '', NULL, '', '', NULL, NULL, 0, 0, '', 0, 0, '', 0),
('201412-00251', 249, 4, 1, 3, 0, 1, 1, '2014-12-18 08:18:25', NULL, '', '', '', NULL, 'FULLS', NULL, NULL, '', '', NULL, '', '', NULL, NULL, 0, 0, '', 0, 0, '', 0),
('201412-00252', 250, 4, 1, 3, 0, 1, 1, '2014-12-18 08:19:48', NULL, '', '', '', NULL, 'FULLS', NULL, NULL, '', '', NULL, '', '', NULL, NULL, 0, 0, '', 0, 0, '', 0),
('201412-00253', 251, 4, 1, 3, 0, 1, 1, '2014-12-18 08:20:45', NULL, '', '', '', NULL, 'FULLS', NULL, NULL, '', '', NULL, '', '', NULL, NULL, 0, 0, '', 0, 0, '', 0),
('201412-00254', 252, 4, 1, 3, 0, 1, 1, '2014-12-18 08:25:02', NULL, '', '', '', NULL, 'FULLS', NULL, NULL, '', '', NULL, '', '', NULL, NULL, 0, 0, '', 0, 0, '', 0),
('201412-00255', 253, 4, 1, 3, 0, 1, 1, '2014-12-18 08:26:46', NULL, '', '', '', NULL, 'FULLS', NULL, NULL, '', '', NULL, '', '', NULL, NULL, 0, 0, '', 0, 0, '', 0),
('201412-00256', 254, 4, 1, 3, 0, 1, 1, '2014-12-18 08:27:50', NULL, '', '', '', NULL, 'FULLS', NULL, NULL, '', '', NULL, '', '', NULL, NULL, 0, 0, '', 0, 0, '', 0),
('201412-00257', 255, 4, 1, 3, 0, 1, 1, '2014-12-18 08:28:37', NULL, '', '', '', NULL, 'FULLS', NULL, NULL, '', '', NULL, '', '', NULL, NULL, 0, 0, '', 0, 0, '', 0),
('201412-00258', 256, 4, 1, 3, 0, 1, 1, '2014-12-18 08:29:44', NULL, '', '', '', NULL, 'FULLS', NULL, NULL, '', '', NULL, '', '', NULL, NULL, 0, 0, '', 0, 0, '', 0),
('201412-00259', 257, 4, 1, 3, 0, 1, 1, '2014-12-18 08:30:28', NULL, '', '', '', NULL, 'FULLS', NULL, NULL, '', '', NULL, '', '', NULL, NULL, 0, 0, '', 0, 0, '', 0),
('201412-00260', 258, 2, 2, 2, 0, 1, 1, '2014-12-18 08:34:41', NULL, '', '', '', NULL, 'EMPTY', NULL, NULL, '', '', NULL, '', '', NULL, NULL, 0, 0, '', 0, 0, '', 0),
('201412-00261', 259, 4, 1, 3, 0, 1, 1, '2014-12-18 08:35:54', NULL, '', '', '', NULL, 'FULLS', NULL, NULL, '', '', NULL, '', '', NULL, NULL, 0, 0, '', 0, 0, '', 0),
('201412-00262', 260, 4, 1, 3, 0, 1, 1, '2014-12-18 08:37:20', NULL, '', '', '', NULL, 'FULLS', NULL, NULL, '', '', NULL, '', '', NULL, NULL, 0, 0, '', 0, 0, '', 0),
('201412-00263', 261, 4, 1, 3, 0, 1, 1, '2014-12-18 08:38:13', NULL, '', '', '', NULL, 'FULLS', NULL, NULL, '', '', NULL, '', '', NULL, NULL, 0, 0, '', 0, 0, '', 0),
('201412-00264', 262, 4, 1, 3, 0, 1, 1, '2014-12-18 08:39:14', NULL, '', '', '', NULL, 'FULLS', NULL, NULL, '', '', NULL, '', '', NULL, NULL, 0, 0, '', 0, 0, '', 0),
('201412-00265', 263, 4, 1, 8, 0, 1, 1, '2014-12-18 08:40:07', NULL, '', '', '', NULL, 'FULLS', NULL, NULL, '', '', NULL, '', '', NULL, NULL, 0, 0, '', 0, 0, '', 0),
('201412-00266', 264, 4, 1, 3, 0, 1, 1, '2014-12-18 08:41:24', NULL, '', '', '', NULL, 'FULLS', NULL, NULL, '', '', NULL, '', '', NULL, NULL, 0, 0, '', 0, 0, '', 0),
('201412-00267', 265, 4, 1, 3, 0, 1, 1, '2014-12-18 08:42:12', NULL, '', '', '', NULL, 'FULLS', NULL, NULL, '', '', NULL, '', '', NULL, NULL, 0, 0, '', 0, 0, '', 0),
('201412-00268', 266, 4, 4, 5, 0, 1, 1, '2014-12-18 08:43:42', NULL, '', '', '', NULL, 'FULLS', NULL, NULL, '', '', NULL, '', '', NULL, NULL, 0, 0, '', 0, 0, '', 0),
('201412-00269', 267, 2, 6, 6, 0, 1, 1, '2014-12-18 08:51:14', NULL, '', '', '', NULL, 'EMPTY', NULL, NULL, '', '', NULL, '', '', NULL, NULL, 0, 0, '', 0, 0, '', 0),
('201412-00270', 268, 2, 6, 6, 0, 1, 1, '2014-12-18 08:52:11', NULL, '', '', '', NULL, 'EMPTY', NULL, NULL, '', '', NULL, '', '', NULL, NULL, 0, 0, '', 0, 0, '', 0),
('201412-00271', 269, 2, 6, 6, 0, 1, 1, '2014-12-18 08:53:06', NULL, '', '', '', NULL, 'EMPTY', NULL, NULL, '', '', NULL, '', '', NULL, NULL, 0, 0, '', 0, 0, '', 0),
('201412-00272', 270, 2, 4, 5, 0, 1, 1, '2014-12-18 08:54:03', NULL, '', '', '', NULL, 'EMPTY', NULL, NULL, '', '', NULL, '', '', NULL, NULL, 0, 0, '', 0, 0, '', 0),
('201412-00273', 271, 2, 4, 5, 0, 1, 1, '2014-12-18 08:55:01', NULL, '', '', '', NULL, 'EMPTY', NULL, NULL, '', '', NULL, '', '', NULL, NULL, 0, 0, '', 0, 0, '', 0),
('201412-00274', 272, 2, 4, 5, 0, 1, 1, '2014-12-18 08:55:43', NULL, '', '', '', NULL, 'EMPTY', NULL, NULL, '', '', NULL, '', '', NULL, NULL, 0, 0, '', 0, 0, '', 0),
('201412-00275', 273, 4, 1, 3, 0, 1, 1, '2014-12-18 08:57:14', NULL, '', '', '', NULL, 'FULLS', NULL, NULL, '', '', NULL, '', '', NULL, NULL, 0, 0, '', 0, 0, '', 0),
('201412-00276', 274, 4, 1, 3, 0, 1, 1, '2014-12-18 08:57:59', NULL, '', '', '', NULL, 'FULLS', NULL, NULL, '', '', NULL, '', '', NULL, NULL, 0, 0, '', 0, 0, '', 0),
('201412-00277', 275, 4, 1, 8, 0, 1, 1, '2014-12-18 08:58:54', NULL, '', '', '', NULL, 'FULLS', NULL, NULL, '', '', NULL, '', '', NULL, NULL, 0, 0, '', 0, 0, '', 0),
('201412-00278', 276, 4, 1, 8, 0, 1, 1, '2014-12-18 08:59:32', NULL, '', '', '', NULL, 'FULLS', NULL, NULL, '', '', NULL, '', '', NULL, NULL, 0, 0, '', 0, 0, '', 0);
INSERT INTO `tcards` (`tc_id`, `v_id`, `tt_id`, `s_id`, `t_id`, `u_id`, `c_id`, `vt_id`, `tc_entrydate`, `tc_rdd`, `tc_bin`, `tc_batchcode`, `tc_remarks`, `tc_checker`, `tc_status`, `tc_position`, `tc_datestuffed`, `tc_dn`, `tc_sealno`, `tc_datesealed`, `tc_qcases`, `tc_qbags`, `tc_datestripped`, `tc_dateblocked`, `tc_stucontroller`, `tc_strcontroller`, `tc_block_reason`, `is_blocked`, `is_defective`, `tc_tempload_status`, `is_tempload`) VALUES
('201412-00279', 277, 2, 2, 2, 0, 1, 1, '2014-12-18 09:00:25', NULL, '', '', '', NULL, 'EMPTY', NULL, NULL, '', '', NULL, '', '', NULL, NULL, 0, 0, '', 0, 0, '', 0),
('201412-00280', 278, 2, 13, 4, 0, 1, 1, '2014-12-18 09:01:13', NULL, '', '', '', NULL, 'EMPTY', NULL, NULL, '', '', NULL, '', '', NULL, NULL, 0, 0, '', 0, 0, '', 0),
('201412-00281', 279, 2, 4, 5, 0, 1, 1, '2014-12-18 09:02:00', NULL, '6326585785', '', '', NULL, 'FULLS', NULL, '2015-05-18', '', '', NULL, '', '', NULL, NULL, 0, 0, '', 0, 0, '', 0),
('201412-00282', 280, 2, 2, 2, 0, 1, 1, '2014-12-18 09:02:00', NULL, '', '', '', NULL, 'EMPTY', NULL, NULL, '', '', NULL, '', '', NULL, NULL, 0, 0, '', 0, 0, '', 0),
('201412-00283', 281, 4, 1, 3, 0, 1, 1, '2014-12-18 09:04:13', NULL, '', '', '', NULL, 'FULLS', NULL, NULL, '', '', NULL, '', '', NULL, NULL, 0, 0, '', 0, 0, '', 0),
('201412-00284', 282, 4, 1, 3, 0, 1, 1, '2014-12-18 09:04:56', NULL, '', '', '', NULL, 'FULLS', NULL, NULL, '', '', NULL, '', '', NULL, NULL, 0, 0, '', 0, 0, '', 0),
('201412-00285', 283, 4, 1, 3, 0, 1, 1, '2014-12-18 09:06:02', NULL, '', '', '', NULL, 'FULLS', NULL, NULL, '', '', NULL, '', '', NULL, NULL, 0, 0, '', 0, 0, '', 0),
('201412-00286', 284, 4, 1, 3, 0, 1, 1, '2014-12-18 09:06:44', NULL, '', '', '', NULL, 'FULLS', NULL, NULL, '', '', NULL, '', '', NULL, NULL, 0, 0, '', 0, 0, '', 0),
('201412-00287', 285, 4, 1, 3, 0, 1, 1, '2014-12-18 09:09:51', NULL, '', '', '', NULL, 'FULLS', NULL, NULL, '', '', NULL, '', '', NULL, NULL, 0, 0, '', 0, 0, '', 0),
('201412-00288', 286, 4, 1, 3, 0, 1, 1, '2014-12-18 09:10:43', NULL, '', '', '', NULL, 'FULLS', NULL, NULL, '', '', NULL, '', '', NULL, NULL, 0, 0, '', 0, 0, '', 0),
('201412-00289', 287, 4, 2, 6, 0, 1, 1, '2014-12-18 09:12:00', NULL, '', '', '', NULL, 'EMPTY', NULL, NULL, '', '', NULL, '', '', NULL, NULL, 0, 0, '', 0, 0, '', 0),
('201412-00290', 288, 4, 1, 3, 0, 1, 1, '2014-12-18 09:13:03', NULL, '', '', '', NULL, 'FULLS', NULL, NULL, '', '', NULL, '', '', NULL, NULL, 0, 0, '', 0, 0, '', 0),
('201412-00291', 289, 4, 1, 3, 0, 1, 1, '2014-12-18 09:13:48', NULL, '', '', '', NULL, 'FULLS', NULL, NULL, '', '', NULL, '', '', NULL, NULL, 0, 0, '', 0, 0, '', 0),
('201412-00292', 290, 5, 2, 2, 0, 1, 1, '2014-12-18 09:15:24', NULL, '', '', 'MH SCRAP', NULL, 'FULLS', NULL, NULL, '', '', NULL, '', '', NULL, NULL, 0, 0, '', 0, 0, '', 0),
('201412-00293', 291, 5, 2, 2, 0, 1, 1, '2014-12-18 09:17:25', NULL, '', '', 'MIXED LOAD', NULL, 'FULLS', NULL, NULL, '', '', NULL, '', '', NULL, NULL, 0, 0, '', 0, 0, '', 0),
('201412-00294', 261, 4, 1, 3, 0, 1, 1, '2014-12-18 09:33:20', NULL, '', '', '', NULL, 'FULLS', NULL, NULL, '', '', NULL, '', '', NULL, NULL, 0, 0, '', 0, 0, '', 0),
('201412-00295', 292, 4, 1, 3, 0, 1, 1, '2014-12-18 09:34:31', NULL, '', '', '', NULL, 'FULLS', NULL, NULL, '', '', NULL, '', '', NULL, NULL, 0, 0, '', 0, 0, '', 0),
('201412-00296', 293, 4, 1, 3, 0, 1, 2, '2014-12-18 09:35:19', NULL, '', '', '', NULL, 'FULLS', NULL, NULL, '', '', NULL, '', '', NULL, NULL, 0, 0, '', 0, 0, '', 0),
('201412-00297', 294, 4, 4, 5, 0, 1, 1, '2014-12-18 09:36:23', NULL, '', '', '', NULL, 'FULLS', NULL, NULL, '', '', NULL, '', '', NULL, NULL, 0, 0, '', 0, 0, '', 0),
('201412-00298', 295, 4, 1, 3, 0, 1, 1, '2014-12-18 09:37:08', NULL, '', '', '', NULL, 'FULLS', NULL, NULL, '', '', NULL, '', '', NULL, NULL, 0, 0, '', 0, 0, '', 0),
('201412-00299', 296, 4, 1, 3, 0, 1, 1, '2014-12-18 09:38:15', NULL, '', '', '', NULL, 'FULLS', NULL, NULL, '', '', NULL, '', '', NULL, NULL, 0, 0, '', 0, 0, '', 0),
('201412-00300', 297, 4, 4, 5, 0, 1, 1, '2014-12-18 09:39:02', NULL, '', '', '', NULL, 'FULLS', NULL, NULL, '', '', NULL, '', '', NULL, NULL, 0, 0, '', 0, 0, '', 0),
('201412-00301', 298, 4, 1, 3, 0, 1, 1, '2014-12-18 09:39:51', NULL, '', '', '', NULL, 'FULLS', NULL, NULL, '', '', NULL, '', '', NULL, NULL, 0, 0, '', 0, 0, '', 0),
('201412-00302', 299, 4, 1, 8, 0, 1, 1, '2014-12-18 09:40:44', NULL, '', '', '', NULL, 'FULLS', NULL, NULL, '', '', NULL, '', '', NULL, NULL, 0, 0, '', 0, 0, '', 0),
('201412-00303', 300, 4, 1, 3, 0, 1, 1, '2014-12-18 09:43:02', NULL, '', '', '', NULL, 'FULLS', NULL, NULL, '', '', NULL, '', '', NULL, NULL, 0, 0, '', 0, 0, '', 0),
('201412-00304', 301, 4, 1, 3, 0, 1, 1, '2014-12-18 09:43:41', NULL, '', '', '', NULL, 'FULLS', NULL, NULL, '', '', NULL, '', '', NULL, NULL, 0, 0, '', 0, 0, '', 0),
('201412-00305', 302, 4, 1, 3, 0, 1, 1, '2014-12-18 09:44:26', NULL, '', '', '', NULL, 'FULLS', NULL, NULL, '', '', NULL, '', '', NULL, NULL, 0, 0, '', 0, 0, '', 0),
('201412-00306', 303, 4, 1, 3, 0, 1, 1, '2014-12-18 09:45:10', NULL, '', '', '', NULL, 'EMPTY', NULL, NULL, '', '', NULL, '', '', '2014-12-20', NULL, 0, 0, '', 0, 0, '', 0),
('201412-00307', 304, 4, 1, 3, 0, 1, 1, '2014-12-18 09:45:58', NULL, '', '', '', NULL, 'FULLS', NULL, NULL, '', '', NULL, '', '', NULL, NULL, 0, 0, '', 0, 0, '', 0),
('201412-00308', 305, 4, 1, 3, 0, 1, 1, '2014-12-18 09:46:35', NULL, '', '', '', NULL, 'FULLS', NULL, NULL, '', '', NULL, '', '', NULL, NULL, 0, 0, '', 0, 0, '', 0),
('201412-00309', 306, 4, 1, 3, 0, 1, 1, '2014-12-18 09:47:26', NULL, '', '', '', NULL, 'FULLS', NULL, NULL, '', '', NULL, '', '', NULL, NULL, 0, 0, '', 0, 0, '', 0),
('201412-00310', 307, 4, 1, 3, 0, 1, 1, '2014-12-18 09:48:00', NULL, '', '', '', NULL, 'FULLS', NULL, NULL, '', '', NULL, '', '', NULL, NULL, 0, 0, '', 0, 0, '', 0),
('201412-00311', 308, 4, 1, 3, 0, 1, 1, '2014-12-18 09:49:00', NULL, '', '', '', NULL, 'FULLS', NULL, NULL, '', '', NULL, '', '', NULL, NULL, 0, 0, '', 0, 0, '', 0),
('201412-00312', 309, 4, 1, 3, 0, 1, 1, '2014-12-18 09:49:49', NULL, '', '', '', NULL, 'FULLS', NULL, NULL, '', '', NULL, '', '', NULL, NULL, 0, 0, '', 0, 0, '', 0),
('201412-00313', 310, 4, 1, 8, 0, 1, 1, '2014-12-18 09:50:50', NULL, '', '', '', NULL, 'FULLS', NULL, NULL, '', '', NULL, '', '', NULL, NULL, 0, 0, '', 0, 0, '', 0),
('201412-00314', 311, 4, 1, 8, 0, 1, 1, '2014-12-18 10:13:36', NULL, '', '', '', NULL, 'FULLS', NULL, NULL, '', '', NULL, '', '', NULL, NULL, 0, 0, '', 0, 0, '', 0),
('201412-00315', 312, 4, 1, 3, 0, 1, 1, '2014-12-18 10:14:43', NULL, '', '', '', NULL, 'FULLS', NULL, NULL, '', '', NULL, '', '', NULL, NULL, 0, 0, '', 0, 0, '', 0),
('201412-00316', 313, 4, 1, 3, 0, 1, 1, '2014-12-18 10:15:26', NULL, '', '', '', NULL, 'FULLS', NULL, NULL, '', '', NULL, '', '', NULL, NULL, 0, 0, '', 0, 0, '', 0),
('201412-00317', 314, 4, 1, 3, 0, 1, 1, '2014-12-18 10:16:46', NULL, '', '', '', NULL, 'FULLS', NULL, NULL, '', '', NULL, '', '', NULL, NULL, 0, 0, '', 0, 0, '', 0),
('201412-00318', 315, 4, 1, 3, 0, 1, 1, '2014-12-18 10:17:36', NULL, '', '', '', NULL, 'FULLS', NULL, NULL, '', '', NULL, '', '', NULL, NULL, 0, 0, '', 0, 0, '', 0),
('201412-00319', 316, 4, 1, 3, 0, 1, 1, '2014-12-18 10:18:28', NULL, '', '', '', NULL, 'FULLS', NULL, NULL, '', '', NULL, '', '', NULL, NULL, 0, 0, '', 0, 0, '', 0),
('201412-00320', 317, 4, 4, 5, 0, 1, 1, '2014-12-18 10:19:15', NULL, '', '', '', NULL, 'FULLS', NULL, NULL, '', '', NULL, '', '', NULL, NULL, 0, 0, '', 0, 0, '', 0),
('201412-00321', 318, 4, 1, 3, 0, 1, 1, '2014-12-18 10:20:02', NULL, '', '', '', NULL, 'FULLS', NULL, NULL, '', '', NULL, '', '', NULL, NULL, 0, 0, '', 0, 0, '', 0),
('201412-00322', 319, 4, 1, 3, 0, 1, 1, '2014-12-18 10:20:00', NULL, '', '', '', '', 'FULLS', NULL, '0001-11-30', '', '', '0001-11-30', '', '', NULL, NULL, 0, 0, '', 0, 0, '', 0),
('201412-00323', 320, 4, 1, 3, 0, 1, 1, '2014-12-18 10:21:38', NULL, '', '', '', NULL, 'FULLS', NULL, NULL, '', '', NULL, '', '', NULL, NULL, 0, 0, '', 0, 0, '', 0),
('201412-00324', 321, 4, 1, 3, 0, 1, 1, '2014-12-18 10:22:00', NULL, '', '', '', NULL, 'EMPTY', NULL, NULL, '', '', NULL, '', '', '2015-04-08', NULL, 0, 0, '', 0, 0, '', 0),
('201412-00325', 322, 4, 1, 3, 0, 1, 1, '2014-12-18 10:23:22', NULL, '', '', '', NULL, 'FULLS', NULL, NULL, '', '', NULL, '', '', NULL, NULL, 0, 0, '', 0, 0, '', 0),
('201412-00326', 323, 4, 1, 3, 0, 1, 1, '2014-12-18 10:24:01', NULL, '', '', '', NULL, 'FULLS', NULL, NULL, '', '', NULL, '', '', NULL, NULL, 0, 0, '', 0, 0, '', 0),
('201412-00327', 324, 4, 1, 3, 0, 1, 1, '2014-12-18 10:24:56', NULL, '', '', '', NULL, 'FULLS', NULL, NULL, '', '', NULL, '', '', NULL, NULL, 0, 0, '', 0, 0, '', 0),
('201412-00328', 325, 4, 1, 3, 0, 1, 1, '2014-12-18 10:25:44', NULL, '', '', '', NULL, 'FULLS', NULL, NULL, '', '', NULL, '', '', NULL, NULL, 0, 0, '', 0, 0, '', 0),
('201412-00329', 326, 4, 1, 3, 0, 1, 1, '2014-12-18 10:26:35', NULL, '', '', '', NULL, 'FULLS', NULL, NULL, '', '', NULL, '', '', NULL, NULL, 0, 0, '', 0, 0, '', 0),
('201412-00330', 327, 4, 1, 3, 0, 1, 1, '2014-12-18 10:27:00', NULL, '', '', '', NULL, 'FULLS', NULL, NULL, '', '', NULL, '', '', NULL, NULL, 0, 0, '', 0, 0, '', 0),
('201412-00331', 328, 4, 1, 1, 0, 1, 1, '2014-12-18 10:31:48', NULL, '', '', 'MIXED LOAD DAMAGE', NULL, 'EMPTY', NULL, NULL, '', '', NULL, '', '', '2014-05-31', NULL, 0, 0, '', 0, 0, '', 0),
('201412-00332', 329, 2, 1, 2, 0, 1, 1, '2014-12-18 10:33:42', NULL, '', '', 'REJECTED,CARTON', NULL, 'FULLS', NULL, NULL, '', '', NULL, '', '', NULL, NULL, 0, 0, '', 0, 0, '', 0),
('201412-00333', 330, 2, 1, 1, 0, 1, 1, '2014-12-18 10:37:00', NULL, '', '', 'PALLET', '', 'FULLS', NULL, '2015-04-20', '', '', NULL, '', '', '0001-11-30', NULL, 0, 0, '', 0, 0, '', 0),
('201412-00334', 331, 2, 4, 5, 0, 1, 1, '2014-12-18 10:37:55', NULL, '', '', 'PALLET', NULL, 'EMPTY', NULL, NULL, '', '', NULL, '', '', NULL, NULL, 0, 0, '', 0, 0, '', 0),
('201412-00335', 332, 2, 1, 7, 0, 1, 1, '2014-12-18 10:40:35', NULL, '', '', 'REJECT', NULL, 'EMPTY', NULL, NULL, '', '', NULL, '', '', NULL, NULL, 0, 0, '', 0, 0, '', 0),
('201412-00336', 333, 4, 1, 8, 0, 1, 1, '2014-12-18 10:41:33', NULL, '', '', 'REJECT', NULL, 'FULLS', NULL, NULL, '', '', NULL, '', '', NULL, NULL, 0, 0, '', 0, 0, '', 0),
('201412-00337', 334, 2, 1, 2, 0, 1, 1, '2014-12-18 10:42:35', NULL, '', '', 'REJECT', NULL, 'EMPTY', NULL, NULL, '', '', NULL, '', '', NULL, NULL, 0, 0, '', 0, 0, '', 0),
('201412-00338', 335, 2, 1, 2, 0, 1, 1, '2014-12-18 10:43:08', NULL, '', '', 'REJECT', NULL, 'EMPTY', NULL, NULL, '', '', NULL, '', '', NULL, NULL, 0, 0, '', 0, 0, '', 0),
('201412-00339', 336, 2, 1, 2, 0, 1, 1, '2014-12-18 10:44:23', NULL, '', '', 'REJECT', NULL, 'EMPTY', NULL, NULL, '', '', NULL, '', '', NULL, NULL, 0, 0, '', 0, 0, '', 0),
('201412-00340', 337, 2, 6, 6, 3, 1, 1, '2014-12-18 23:32:40', NULL, 'SSR040', '43310190VC', '', NULL, 'FULLS', NULL, '2014-12-08', '', '', NULL, '', '660', NULL, NULL, 3, 3, '', 0, 0, '', 0),
('201412-00341', 338, 2, 6, 2, 3, 1, 1, '2014-12-18 23:37:28', NULL, 'SSR010', 'MIXED LOAD', '', NULL, 'FULLS', NULL, '2014-12-17', '', '', NULL, '', '700', NULL, NULL, 3, 3, '', 0, 0, '', 0),
('201412-00342', 339, 2, 2, 2, 3, 1, 1, '2014-12-18 23:43:49', NULL, 'NMC118', '43320190VC', '', NULL, 'FULLS', NULL, '2014-12-17', '', '', NULL, '660', '', NULL, NULL, 3, 3, '', 0, 0, '', 0),
('201412-00343', 340, 2, 4, 5, 3, 1, 1, '2014-12-18 23:51:17', NULL, '2GO079', '42490190RA', '', NULL, 'FULLS', NULL, NULL, '', '', NULL, '614', '', NULL, NULL, 3, 3, '', 0, 0, '', 0),
('201412-00344', 341, 4, 6, 2, 3, 1, 1, '2014-12-18 23:55:26', NULL, '', '', '', NULL, 'FULLS', NULL, NULL, '', '', NULL, '', '', NULL, NULL, 3, 3, '', 0, 0, '', 0),
('201412-00345', 342, 4, 6, 2, 3, 1, 1, '2014-12-18 23:56:25', NULL, '', '', '', NULL, 'FULLS', NULL, NULL, '', '', NULL, '', '', NULL, NULL, 3, 3, '', 0, 0, '', 0),
('201412-00346', 343, 4, 1, 3, 3, 1, 2, '2014-12-18 23:57:53', NULL, '', '', '', NULL, 'FULLS', NULL, NULL, '', '', NULL, '', '', NULL, NULL, 3, 3, '', 0, 0, '', 0),
('201412-00347', 344, 1, 1, 8, 3, 1, 1, '2014-12-18 23:59:37', NULL, '', '', '', NULL, 'FULLS', NULL, NULL, '', '', NULL, '', '', NULL, NULL, 3, 3, '', 0, 0, '', 0),
('201412-00348', 345, 1, 1, 8, 3, 1, 1, '2014-12-19 00:00:25', NULL, '', '', '', NULL, 'FULLS', NULL, NULL, '', '', NULL, '', '', NULL, NULL, 3, 3, '', 0, 0, '', 0),
('201412-00349', 346, 2, 6, 6, 3, 1, 1, '2014-12-19 00:03:40', NULL, 'SSR005', '01904338PA', '', NULL, 'FULLS', NULL, '2014-12-08', '', '', NULL, '', '18', NULL, NULL, 3, 3, '', 0, 0, '', 0),
('201412-00350', 347, 2, 2, 2, 3, 1, 1, '2014-12-19 00:10:26', NULL, 'NMC045', '01904306EB', '', NULL, 'FULLS', NULL, '2014-12-08', '', '', NULL, '', '18', NULL, NULL, 3, 3, '', 0, 0, '', 0),
('201412-00351', 348, 2, 2, 2, 3, 1, 1, '2014-12-19 00:19:13', NULL, 'NMC124', '01904306EA', '', NULL, 'FULLS', NULL, '2014-11-11', '', '', NULL, '', '', NULL, NULL, 3, 3, '', 0, 0, '', 0),
('201412-00352', 349, 2, 2, 2, 3, 1, 1, '2014-12-19 00:42:33', NULL, 'NMC121', '01904333EC', 'FOR COFIPAC', NULL, 'FULLS', NULL, '2014-12-03', '', '', NULL, '', '18', NULL, NULL, 3, 3, '', 0, 0, '', 0),
('201412-00353', 350, 2, 2, 2, 3, 1, 1, '2014-12-19 00:47:11', NULL, 'NMC049', '0194333EA', 'FOR COFIPAC', NULL, 'FULLS', NULL, '2014-12-03', '', '', NULL, '', '18', NULL, NULL, 3, 3, '', 0, 0, '', 0),
('201412-00354', 351, 3, 1, 7, 3, 1, 1, '2014-12-19 00:56:49', NULL, '', '', 'FOR COFIPAC', NULL, 'FULLS', NULL, NULL, '', '', NULL, '', '', NULL, NULL, 3, 3, '', 0, 0, '', 0),
('201412-00355', 352, 3, 4, 2, 0, 1, 1, '2014-12-19 00:58:00', NULL, '', '', 'FOR COFIPAC', NULL, 'EMPTY', NULL, NULL, '', '', NULL, '', '', '2015-04-20', NULL, 0, 0, '', 0, 0, '', 0),
('201412-00356', 353, 1, 2, 9, 3, 1, 1, '2014-12-19 01:08:04', NULL, '', '', 'FOR COFIPAC', NULL, 'FULLS', NULL, NULL, '', '', NULL, '', '', NULL, NULL, 3, 3, '', 0, 0, '', 0),
('201412-00357', 354, 1, 2, 9, 3, 1, 1, '2014-12-19 01:10:01', NULL, '', '', '', NULL, 'FULLS', NULL, NULL, '', '', NULL, '', '', NULL, NULL, 3, 3, '', 0, 0, '', 0),
('201412-00358', 355, 1, 2, 9, 3, 1, 1, '2014-12-19 01:11:21', NULL, '', '', 'FOR COFIPAC', NULL, 'FULLS', NULL, NULL, '', '', NULL, '', '', NULL, NULL, 3, 3, '', 0, 0, '', 0),
('201412-00359', 356, 1, 2, 9, 3, 1, 1, '2014-12-19 01:12:23', NULL, '', '', 'MT\n', NULL, 'FULLS', NULL, NULL, '', '', NULL, '', '', NULL, NULL, 3, 3, '', 0, 0, '', 0),
('201412-00360', 357, 1, 2, 9, 3, 1, 1, '2014-12-19 01:14:00', NULL, '', '', '', NULL, 'EMPTY', NULL, NULL, '', '', NULL, '', '', '2014-12-19', NULL, 3, 3, '', 0, 0, '', 0),
('201412-00361', 358, 1, 2, 9, 3, 1, 1, '2014-12-19 01:15:38', NULL, '', '', 'MT', NULL, 'FULLS', NULL, NULL, '', '', NULL, '', '', NULL, NULL, 3, 3, '', 0, 0, '', 0),
('201412-00362', 86, 1, 2, 9, 3, 1, 1, '2014-12-19 01:19:09', NULL, '', '', '', NULL, 'FULLS', NULL, NULL, '', '', NULL, '', '', NULL, NULL, 3, 3, '', 0, 0, '', 0),
('201412-00363', 87, 1, 2, 9, 3, 1, 1, '2014-12-19 01:20:04', NULL, '', '', '', NULL, 'FULLS', NULL, NULL, '', '', NULL, '', '', NULL, NULL, 3, 3, '', 0, 0, '', 0),
('201412-00364', 359, 5, 2, 2, 3, 1, 1, '2014-12-19 01:22:38', NULL, '', '', 'TEMP. LOAD WOODEN PALLET', NULL, 'FULLS', NULL, NULL, '', '', NULL, '', '', NULL, NULL, 3, 3, '', 0, 0, 'HOUSEKEEPING', 1),
('201412-00365', 360, 5, 2, 2, 3, 1, 1, '2014-12-19 01:24:10', NULL, '', '', 'TEMP. LOAD WOODEN PALLET', NULL, 'FULLS', NULL, NULL, '', '', NULL, '', '', NULL, NULL, 3, 3, '', 0, 0, 'HOUSEKEEPING', 1),
('201412-00366', 361, 5, 2, 2, 3, 1, 1, '2014-12-19 01:26:17', NULL, '', '', 'TEMP. LOAD WOODEN PALLET', NULL, 'FULLS', NULL, NULL, '', '', NULL, '', '', NULL, NULL, 3, 3, '', 0, 0, 'HOUSEKEEPING', 1),
('201412-00367', 362, 5, 2, 2, 3, 1, 1, '2014-12-19 01:28:28', NULL, '', '', 'TEMP. LOAD WOODEN PALLET', NULL, 'FULLS', NULL, NULL, '', '', NULL, '', '', NULL, NULL, 3, 3, '', 0, 0, 'HOUSEKEEPING', 1),
('201412-00368', 363, 4, 4, 5, 3, 1, 1, '2014-12-19 01:34:22', NULL, '', '', 'LOCAL CON.LOADED MSK.', NULL, 'FULLS', NULL, NULL, '', '', NULL, '', '', NULL, NULL, 3, 3, '', 0, 0, '', 1),
('201412-00369', 364, 4, 4, 5, 3, 1, 1, '2014-12-19 01:36:27', NULL, '', '', 'LOCAL CON.LOADED MSK.', NULL, 'FULLS', NULL, NULL, '', '', NULL, '', '', NULL, NULL, 3, 3, '', 0, 0, '', 0),
('201412-00370', 15, 4, 4, 2, 3, 1, 1, '2014-12-19 01:38:38', NULL, '', '', 'LOCAL CON.LOADED MSK.', NULL, 'FULLS', NULL, NULL, '', '', NULL, '', '', NULL, NULL, 3, 3, '', 0, 0, '', 0),
('201412-00371', 365, 4, 4, 5, 3, 1, 1, '2014-12-19 01:40:03', NULL, '', '', 'LOCAL CON.LOADED MSK.', NULL, 'FULLS', NULL, NULL, '', '', NULL, '', '', NULL, NULL, 3, 3, '', 0, 0, '', 0),
('201412-00372', 366, 4, 4, 5, 3, 1, 1, '2014-12-19 01:41:18', NULL, '', '', 'LOCAL CON.LOADED MSK.', NULL, 'FULLS', NULL, NULL, '', '', NULL, '', '', NULL, NULL, 3, 3, '', 0, 0, '', 0),
('201412-00373', 366, 4, 4, 5, 3, 1, 1, '2014-12-19 01:46:03', NULL, '', '', 'LOCAL CON.LOADED MSK.', NULL, 'FULLS', NULL, NULL, '', '', NULL, '', '', NULL, NULL, 3, 3, '', 0, 0, '', 0),
('201412-00374', 367, 4, 4, 5, 3, 1, 1, '2014-12-19 01:48:47', NULL, '', '', 'LOCAL CON.LOADED MSK.', NULL, 'FULLS', NULL, NULL, '', '', NULL, '', '', NULL, NULL, 3, 3, '', 0, 0, '', 0),
('201412-00375', 367, 4, 4, 5, 3, 1, 1, '2014-12-19 01:49:40', NULL, '', '', 'LOCAL CON.LOADED MSK.', NULL, 'FULLS', NULL, NULL, '', '', NULL, '', '', NULL, NULL, 3, 3, '', 0, 0, '', 0),
('201412-00376', 368, 2, 2, 2, 3, 1, 1, '2014-12-19 01:57:28', NULL, '', '', '', NULL, 'EMPTY', NULL, NULL, '', '', NULL, '', '', NULL, NULL, 3, 3, '', 0, 0, '', 0),
('201412-00377', 369, 2, 4, 5, 0, 1, 1, '2014-12-19 02:00:00', NULL, '2GO014', '42240190', '', NULL, 'FULLS', NULL, '2015-02-03', '', '', NULL, '250', '', NULL, NULL, 0, 0, '', 0, 0, '', 0),
('201412-00378', 370, 2, 21, 6, 3, 1, 1, '2014-12-19 02:05:47', NULL, 'GOT007', 'MIXED LOAD', '8410=12,8411=200,8412=28,8413=154,8414=35,8417=24,9586=21', NULL, 'FULLS', NULL, '2014-12-19', '', '', NULL, '474', '', NULL, NULL, 3, 3, '', 0, 0, '', 0),
('201412-00379', 371, 5, 21, 6, 3, 1, 1, '2014-12-19 02:10:40', NULL, 'SSR066', 'MIXED LOAD', 'MIXED LOAD', NULL, 'FULLS', NULL, NULL, '', '', NULL, '', '', NULL, NULL, 3, 3, '', 0, 0, '', 0),
('201412-00380', 372, 5, 2, 2, 3, 1, 1, '2014-12-19 02:22:16', NULL, '', '', 'TEMP. LOAD DAMAGE G.C (AEGING VN.', NULL, 'FULLS', NULL, NULL, '', '', NULL, '', '', NULL, NULL, 3, 3, '', 0, 0, 'HOUSEKEEPING', 1),
('201412-00381', 373, 5, 2, 2, 3, 1, 1, '2014-12-19 02:23:48', NULL, '', '', 'TEMP. LOAD DAMAGE G.C (AEGING VN.', NULL, 'FULLS', NULL, NULL, '', '', NULL, '', '', NULL, NULL, 3, 3, '', 0, 0, '', 0),
('201412-00382', 374, 5, 2, 2, 3, 1, 1, '2014-12-19 02:24:51', NULL, '', '', 'TEMP. LOAD DAMAGE G.C (AEGING VN.', NULL, 'FULLS', NULL, NULL, '', '', NULL, '', '', NULL, NULL, 3, 3, '', 0, 0, '', 0),
('201412-00383', 375, 2, 4, 5, 3, 8, 1, '2014-12-19 02:28:20', NULL, '2GO095', '01904337EB', '', NULL, 'FULLS', NULL, '2014-12-03', '', '', NULL, '', '18', NULL, NULL, 3, 3, '', 0, 0, '', 0),
('201412-00384', 376, 1, 2, 9, 3, 1, 1, '2014-12-19 02:31:08', NULL, '', '', 'X GREEN COFFEEE MT.', NULL, 'FULLS', NULL, NULL, '', '', NULL, '', '', NULL, NULL, 3, 3, '', 0, 0, '', 0),
('201412-00385', 377, 1, 2, 9, 3, 1, 1, '2014-12-19 02:32:03', NULL, '', '', 'X GREEN COFFEEE MT.', NULL, 'EMPTY', NULL, NULL, '', '', NULL, '', '', NULL, NULL, 3, 3, '', 0, 0, '', 0),
('201412-00386', 378, 1, 2, 9, 3, 1, 1, '2014-12-19 02:32:49', NULL, '', '', 'X GREEN COFFEEE MT.', NULL, 'EMPTY', NULL, NULL, '', '', NULL, '', '', NULL, NULL, 3, 3, '', 0, 0, '', 0),
('201412-00387', 379, 1, 2, 9, 3, 1, 1, '2014-12-19 02:33:51', NULL, '', '', 'X GREEN COFFEEE MT.', NULL, 'EMPTY', NULL, NULL, '', '', NULL, '', '', NULL, NULL, 3, 3, '', 0, 0, '', 0),
('201412-00388', 380, 3, 2, 2, 3, 1, 1, '2014-12-19 02:35:09', NULL, '', '', 'BBI.350G.', NULL, 'FULLS', NULL, NULL, '', '', NULL, '', '', NULL, NULL, 3, 3, '', 0, 0, '', 0),
('201412-00389', 381, 5, 2, 2, 3, 1, 1, '2014-12-19 02:37:06', NULL, '', '', 'KERF.583 BCK.LOAD FRM. CDC', NULL, 'FULLS', NULL, NULL, '', '', NULL, '', '', NULL, NULL, 3, 3, '', 0, 0, '', 1),
('201412-00390', 382, 2, 2, 2, 3, 1, 1, '2014-12-19 02:38:11', NULL, '', '', '', NULL, 'EMPTY', NULL, NULL, '', '', NULL, '', '', NULL, NULL, 3, 3, '', 0, 0, '', 0),
('201412-00391', 383, 2, 2, 2, 3, 1, 1, '2014-12-19 02:38:58', NULL, '', '', '', NULL, 'EMPTY', NULL, NULL, '', '', NULL, '', '', NULL, NULL, 3, 3, '', 0, 0, '', 0),
('201412-00392', 384, 3, 2, 2, 3, 1, 1, '2014-12-19 02:40:29', NULL, '', '', 'CARTON', NULL, 'FULLS', NULL, NULL, '', '', NULL, '', '', NULL, NULL, 3, 3, '', 0, 0, '', 0),
('201412-00393', 385, 2, 2, 2, 3, 1, 1, '2014-12-19 02:41:51', NULL, '', '', 'CARTON', NULL, 'EMPTY', NULL, NULL, '', '', NULL, '', '', NULL, NULL, 3, 3, '', 0, 0, '', 0),
('201412-00394', 386, 1, 2, 9, 3, 1, 1, '2014-12-19 02:44:22', NULL, '', '', 'X GREEN COFFEE', NULL, 'EMPTY', NULL, NULL, '', '', NULL, '', '', NULL, NULL, 3, 3, '', 0, 0, '', 0),
('201412-00395', 387, 1, 2, 4, 3, 1, 1, '2014-12-19 02:45:37', NULL, '', '', 'X GREEN COFFEE BEANS', NULL, 'EMPTY', NULL, NULL, '', '', NULL, '', '', NULL, NULL, 3, 3, '', 0, 0, '', 0),
('201412-00396', 388, 1, 2, 9, 3, 1, 1, '2014-12-19 02:47:22', NULL, '', '', 'X GREEN COFFEE BEANS', NULL, 'EMPTY', NULL, NULL, '', '', NULL, '', '', NULL, NULL, 3, 3, '', 0, 0, '', 0),
('201412-00397', 389, 1, 2, 9, 3, 1, 1, '2014-12-19 02:48:17', NULL, '', '', 'X GREEN COFFEE BEANS', NULL, 'EMPTY', NULL, NULL, '', '', NULL, '', '', NULL, NULL, 3, 3, '', 0, 0, '', 0),
('201412-00398', 390, 5, 2, 2, 3, 1, 1, '2014-12-19 02:50:29', NULL, '', '', 'BCK. FRM. CDC.8411=368.ACTUAL,424', NULL, 'FULLS', NULL, NULL, '', '', NULL, '', '', NULL, NULL, 3, 3, '', 0, 0, '', 0),
('201412-00399', 391, 3, 1, 3, 3, 1, 1, '2014-12-19 02:51:38', NULL, '', '', '', NULL, 'FULLS', NULL, NULL, '', '', NULL, '', '', NULL, NULL, 3, 3, '', 0, 0, '', 0),
('201412-00400', 392, 3, 1, 3, 3, 1, 1, '2014-12-19 02:52:34', NULL, '', '', '', NULL, 'FULLS', NULL, NULL, '', '', NULL, '', '', NULL, NULL, 3, 3, '', 0, 0, '', 0),
('201412-00401', 393, 3, 1, 3, 3, 1, 1, '2014-12-19 02:53:22', NULL, '', '', '', NULL, 'FULLS', NULL, NULL, '', '', NULL, '', '', NULL, NULL, 3, 3, '', 0, 0, '', 0),
('201412-00402', 394, 3, 1, 3, 3, 1, 1, '2014-12-19 02:54:04', NULL, '', '', '', NULL, 'FULLS', NULL, NULL, '', '', NULL, '', '', NULL, NULL, 3, 3, '', 0, 0, '', 0),
('201412-00403', 395, 3, 1, 3, 3, 1, 1, '2014-12-19 02:54:51', NULL, '', '', '', NULL, 'FULLS', NULL, NULL, '', '', NULL, '', '', NULL, NULL, 3, 3, '', 0, 0, '', 0),
('201412-00404', 396, 3, 2, 2, 3, 1, 1, '2014-12-19 02:56:16', NULL, '', '', 'CARTOON', NULL, 'FULLS', NULL, NULL, '', '', NULL, '', '', NULL, NULL, 3, 3, '', 0, 0, '', 0),
('201412-00405', 397, 5, 2, 2, 3, 1, 1, '2014-12-19 02:58:21', NULL, '', '', 'BCK.LOAD FRM.CDC ENTRY DATE JAN,2 2014', NULL, 'FULLS', NULL, NULL, '', '', NULL, '', '', NULL, NULL, 3, 3, '', 0, 0, '', 0),
('201412-00406', 398, 2, 14, 2, 3, 1, 1, '2014-12-19 02:59:21', NULL, '', '', '', NULL, 'EMPTY', NULL, NULL, '', '', NULL, '', '', NULL, NULL, 3, 3, '', 0, 0, '', 0),
('201412-00407', 399, 3, 2, 2, 3, 1, 1, '2014-12-19 03:00:30', NULL, '', '', 'X CARTOON', NULL, 'EMPTY', NULL, NULL, '', '', NULL, '', '', NULL, NULL, 3, 3, '', 0, 0, '', 0),
('201412-00408', 400, 2, 4, 5, 3, 1, 1, '2014-12-19 03:01:29', NULL, '', '', '', NULL, 'EMPTY', NULL, NULL, '', '', NULL, '', '', NULL, NULL, 3, 3, '', 0, 0, '', 0),
('201412-00409', 401, 3, 2, 2, 3, 1, 1, '2014-12-19 03:03:02', NULL, '', '', 'ACTUAL ENTRY DATE DEC.11 2014', NULL, 'FULLS', NULL, NULL, '', '', NULL, '', '', NULL, NULL, 3, 3, '', 0, 0, '', 0),
('201412-00410', 402, 2, 2, 2, 3, 1, 1, '2014-12-19 03:03:51', NULL, '', '', '', NULL, 'EMPTY', NULL, NULL, '', '', NULL, '', '', NULL, NULL, 3, 3, '', 0, 0, '', 0),
('201412-00411', 403, 2, 2, 2, 3, 1, 1, '2014-12-19 03:04:41', NULL, '', '', '', NULL, 'EMPTY', NULL, NULL, '', '', NULL, '', '', NULL, NULL, 3, 3, '', 0, 0, '', 0),
('201412-00412', 404, 2, 2, 2, 3, 1, 1, '2014-12-19 03:05:27', NULL, '', '', '', NULL, 'EMPTY', NULL, NULL, '', '', NULL, '', '', NULL, NULL, 3, 3, '', 0, 0, '', 0),
('201412-00413', 405, 2, 2, 2, 3, 1, 1, '2014-12-19 03:06:04', NULL, '', '', '', NULL, 'EMPTY', NULL, NULL, '', '', NULL, '', '', NULL, NULL, 3, 3, '', 0, 0, '', 0),
('201412-00414', 406, 2, 2, 2, 3, 1, 1, '2014-12-19 03:06:59', NULL, '', '', '', NULL, 'EMPTY', NULL, NULL, '', '', NULL, '', '', NULL, NULL, 3, 3, '', 0, 0, '', 0),
('201412-00415', 407, 1, 2, 2, 3, 1, 1, '2014-12-19 03:08:21', NULL, '', '', 'X GREEN COFFEE ACTUAL DATE DEC.6 2014', NULL, 'EMPTY', NULL, NULL, '', '', NULL, '', '', NULL, NULL, 3, 3, '', 0, 0, '', 0),
('201412-00416', 408, 2, 2, 2, 3, 1, 1, '2014-12-19 03:09:25', NULL, '', '', '', NULL, 'EMPTY', NULL, NULL, '', '', NULL, '', '', NULL, NULL, 3, 3, '', 0, 0, '', 0),
('201412-00417', 409, 5, 2, 2, 3, 1, 1, '2014-12-19 03:11:11', NULL, '', '', 'TEMP.WOODEN PALLET', NULL, 'FULLS', NULL, NULL, '', '', NULL, '', '', NULL, NULL, 3, 3, '', 0, 0, 'HOUSEKEEPING', 1),
('201412-00418', 410, 2, 6, 6, 3, 1, 1, '2014-12-19 03:16:29', NULL, 'SSR066', '01904332EC', '', NULL, 'FULLS', NULL, '2014-12-29', '', '', NULL, '', '18', NULL, NULL, 3, 3, '', 0, 0, '', 0),
('201412-00419', 411, 2, 2, 2, 3, 1, 1, '2014-12-19 03:19:51', NULL, 'NMC149', '01904333EA', '', NULL, 'FULLS', NULL, '2014-11-11', '', '', NULL, '', '', NULL, NULL, 3, 3, '', 0, 0, '', 0),
('201412-00420', 412, 2, 2, 2, 3, 1, 1, '2014-12-19 03:22:24', NULL, 'NMC144', '01904334EA', '', NULL, 'FULLS', NULL, '2014-11-30', '', '', NULL, '', '18', NULL, NULL, 3, 3, '', 0, 0, '', 0),
('201412-00421', 413, 1, 2, 9, 3, 1, 1, '2014-12-19 03:24:34', NULL, '', '', 'X GREEN COFFEE ENTRY DATE DEC.102014', NULL, 'EMPTY', NULL, NULL, '', '', NULL, '', '', NULL, NULL, 3, 3, '', 0, 0, '', 0),
('201412-00422', 414, 3, 2, 2, 3, 1, 1, '2014-12-19 03:25:43', NULL, '', '', '', NULL, 'FULLS', NULL, NULL, '', '', NULL, '', '', NULL, NULL, 3, 3, '', 0, 0, '', 0),
('201412-00423', 415, 1, 2, 2, 3, 1, 1, '2014-12-19 03:27:48', NULL, '', '', 'X GREEN COFFEE BEANS ACTUAL DATE DEC,12 2014', NULL, 'EMPTY', NULL, NULL, '', '', NULL, '', '', NULL, NULL, 3, 3, '', 0, 0, '', 0),
('201412-00424', 416, 2, 6, 6, 3, 1, 1, '2014-12-19 05:04:50', '2014-12-31', 'SSR014', 'MIXED LOAD', '', NULL, 'FULLS', NULL, '2014-12-19', '826365470', '00136988', NULL, '435', '', NULL, NULL, 3, 3, '', 0, 0, '', 0),
('201412-00425', 208, 2, 1, 3, 3, 1, 1, '2014-12-19 05:34:46', NULL, '2GO112', '019043412C', '', NULL, 'FULLS', NULL, '2014-12-12', '', '', NULL, '', '20', NULL, NULL, 3, 3, '', 0, 0, '', 0),
('201412-00426', 417, 3, 1, 3, 0, 1, 1, '2014-12-19 05:46:00', NULL, '', '', '', NULL, 'EMPTY', NULL, NULL, '', '', NULL, '', '', '2015-04-20', NULL, 0, 0, '', 0, 0, '', 0),
('201412-00427', 418, 4, 1, 3, 3, 1, 1, '2014-12-19 06:14:40', NULL, '', '', 'LOCAL CON.LOADED MSK.', NULL, 'FULLS', NULL, NULL, '', '', NULL, '', '', NULL, NULL, 3, 3, '', 0, 0, '', 0),
('201412-00428', 419, 4, 1, 3, 3, 1, 2, '2014-12-19 06:16:21', NULL, '', '', '', NULL, 'FULLS', NULL, NULL, '', '', NULL, '', '', NULL, NULL, 3, 3, '', 0, 0, '', 0),
('201412-00429', 420, 4, 1, 3, 3, 1, 2, '2014-12-19 06:17:41', NULL, '', '', '', NULL, 'FULLS', NULL, NULL, '', '', NULL, '', '', NULL, NULL, 3, 3, '', 0, 0, '', 0),
('201412-00430', 421, 4, 1, 3, 3, 1, 2, '2014-12-19 06:19:08', NULL, '', '', '', NULL, 'FULLS', NULL, NULL, '', '', NULL, '', '', NULL, NULL, 3, 3, '', 0, 0, '', 0),
('201412-00431', 422, 4, 1, 3, 3, 1, 2, '2014-12-19 06:20:12', NULL, '', '', '', NULL, 'FULLS', NULL, NULL, '', '', NULL, '', '', NULL, NULL, 3, 3, '', 0, 0, '', 0),
('201412-00432', 423, 4, 1, 3, 3, 1, 2, '2014-12-19 06:21:26', NULL, '', '', '', NULL, 'FULLS', NULL, NULL, '', '', NULL, '', '', NULL, NULL, 3, 3, '', 0, 0, '', 0),
('201412-00433', 424, 4, 1, 3, 3, 1, 2, '2014-12-19 06:23:42', NULL, '', '', '', NULL, 'FULLS', NULL, NULL, '', '', NULL, '', '', NULL, NULL, 3, 3, '', 0, 0, '', 0),
('201412-00434', 425, 4, 1, 3, 3, 1, 2, '2014-12-19 06:42:20', NULL, '', '', 'ACTUAL ENTRY DATE DEC.12,2014', NULL, 'FULLS', NULL, NULL, '', '', NULL, '', '', NULL, NULL, 3, 3, '', 0, 0, '', 0),
('201412-00435', 426, 4, 1, 3, 3, 1, 2, '2014-12-19 06:48:59', NULL, '', '', 'ACTUAL ENTRY DATE DEC.12,2014', NULL, 'FULLS', NULL, NULL, '', '', NULL, '', '', NULL, NULL, 3, 3, '', 0, 0, '', 0),
('201412-00436', 427, 4, 1, 3, 3, 1, 2, '2014-12-19 06:51:49', NULL, '', '', 'ACTUAL ENTRY DATE DEC.19,2014', NULL, 'FULLS', NULL, NULL, '', '', NULL, '', '', NULL, NULL, 3, 3, '', 0, 0, '', 0),
('201412-00437', 428, 4, 1, 3, 3, 1, 2, '2014-12-19 06:54:02', NULL, '', '', 'ACTUAL ENTRY DATE DEC.12,2014', NULL, 'FULLS', NULL, NULL, '', '', NULL, '', '', NULL, NULL, 3, 3, '', 0, 0, '', 0),
('201412-00438', 429, 4, 1, 3, 3, 1, 2, '2014-12-19 06:55:11', NULL, '', '', 'ACTUAL ENTRY DATE DEC.12,2014', NULL, 'FULLS', NULL, NULL, '', '', NULL, '', '', NULL, NULL, 3, 3, '', 0, 0, '', 0),
('201412-00439', 430, 4, 1, 3, 3, 1, 2, '2014-12-19 06:57:17', NULL, '', '', 'ACTUAL ENTRY DATE DEC.12,2014', NULL, 'FULLS', NULL, NULL, '', '', NULL, '', '', NULL, NULL, 3, 3, '', 0, 0, '', 0),
('201412-00440', 431, 4, 1, 3, 3, 1, 2, '2014-12-19 06:59:26', NULL, '', '', 'ACTUAL ENTRY DATE DEC.12,2014', NULL, 'FULLS', NULL, NULL, '', '', NULL, '', '', NULL, NULL, 3, 3, '', 0, 0, '', 0),
('201412-00441', 432, 4, 1, 3, 3, 1, 2, '2014-12-19 07:01:31', NULL, '', '', 'ACTUAL ENTRY DATE DEC.12,2014', NULL, 'FULLS', NULL, NULL, '', '', NULL, '', '', NULL, NULL, 3, 3, '', 0, 0, '', 0),
('201412-00442', 433, 4, 6, 2, 0, 1, 1, '2014-12-19 07:03:45', NULL, '', '', '', NULL, 'FULLS', NULL, NULL, '', '', NULL, '', '', NULL, NULL, 0, 0, '', 0, 0, '', 0),
('201412-00443', 434, 4, 1, 3, 3, 1, 2, '2014-12-19 07:05:19', NULL, '', '', '', NULL, 'FULLS', NULL, NULL, '', '', NULL, '', '', NULL, NULL, 3, 3, '', 0, 0, '', 0),
('201412-00444', 435, 4, 1, 3, 3, 1, 2, '2014-12-19 07:06:41', NULL, '', '', '', NULL, 'FULLS', NULL, NULL, '', '', NULL, '', '', NULL, NULL, 3, 3, '', 0, 0, '', 0),
('201412-00445', 436, 4, 1, 3, 3, 1, 2, '2014-12-19 07:08:06', NULL, '', '', '', NULL, 'FULLS', NULL, NULL, '', '', NULL, '', '', NULL, NULL, 3, 3, '', 0, 0, '', 0),
('201412-00446', 437, 4, 1, 3, 3, 1, 2, '2014-12-19 07:14:15', NULL, '', '', '', NULL, 'FULLS', NULL, NULL, '', '', NULL, '', '', NULL, NULL, 3, 3, '', 0, 0, '', 0),
('201412-00447', 438, 4, 1, 3, 3, 1, 2, '2014-12-19 07:15:32', NULL, '', '', '', NULL, 'FULLS', NULL, NULL, '', '', NULL, '', '', NULL, NULL, 3, 3, '', 0, 0, '', 0),
('201412-00448', 439, 4, 1, 3, 3, 1, 2, '2014-12-19 07:16:56', NULL, '', '', '', NULL, 'FULLS', NULL, NULL, '', '', NULL, '', '', NULL, NULL, 3, 3, '', 0, 0, '', 0),
('201412-00449', 440, 4, 1, 3, 3, 1, 2, '2014-12-19 07:18:30', NULL, '', '', '', NULL, 'FULLS', NULL, NULL, '', '', NULL, '', '', NULL, NULL, 3, 3, '', 0, 0, '', 0),
('201412-00450', 441, 1, 2, 9, 3, 1, 1, '2014-12-19 07:29:53', NULL, '', '', '', NULL, 'FULLS', NULL, NULL, '', '', NULL, '', '', NULL, NULL, 3, 3, '', 0, 0, '', 0),
('201412-00451', 442, 1, 2, 9, 3, 1, 1, '2014-12-19 07:30:48', NULL, '', '', '', NULL, 'FULLS', NULL, NULL, '', '', NULL, '', '', NULL, NULL, 3, 3, '', 0, 0, '', 0),
('201412-00452', 443, 1, 1, 8, 3, 1, 1, '2014-12-19 07:43:39', NULL, '', '', 'ACTUAL DATE DEC 13,2014', NULL, 'FULLS', NULL, NULL, '', '', NULL, '', '', NULL, NULL, 3, 3, '', 0, 0, '', 0),
('201412-00453', 444, 1, 1, 8, 3, 1, 1, '2014-12-19 07:47:08', NULL, '', '', '', NULL, 'FULLS', NULL, NULL, '', '', NULL, '', '', NULL, NULL, 3, 3, '', 0, 0, '', 0),
('201412-00454', 445, 1, 1, 8, 3, 1, 1, '2014-12-19 07:52:50', NULL, '', '', 'ACTUAL DATE DEC.13,2014', NULL, 'FULLS', NULL, NULL, '', '', NULL, '', '', NULL, NULL, 3, 3, '', 0, 0, '', 0),
('201412-00455', 446, 1, 1, 8, 3, 1, 1, '2014-12-19 08:00:35', NULL, '', '', '', NULL, 'FULLS', NULL, NULL, '', '', NULL, '', '', NULL, NULL, 3, 3, '', 0, 0, '', 0),
('201412-00456', 447, 1, 1, 8, 3, 1, 1, '2014-12-19 08:01:52', NULL, '', '', '', NULL, 'FULLS', NULL, NULL, '', '', NULL, '', '', NULL, NULL, 3, 3, '', 0, 0, '', 0),
('201412-00457', 448, 1, 1, 8, 3, 1, 1, '2014-12-19 08:03:16', NULL, '', '', '', NULL, 'FULLS', NULL, NULL, '', '', NULL, '', '', NULL, NULL, 3, 3, '', 0, 0, '', 0),
('201412-00458', 449, 1, 1, 8, 3, 1, 1, '2014-12-19 08:04:38', NULL, '', '', '', NULL, 'FULLS', NULL, NULL, '', '', NULL, '', '', NULL, NULL, 3, 3, '', 0, 0, '', 0),
('201412-00459', 450, 1, 1, 8, 3, 1, 1, '2014-12-19 08:06:02', NULL, '', '', '', NULL, 'FULLS', NULL, NULL, '', '', NULL, '', '', NULL, NULL, 3, 3, '', 0, 0, '', 0),
('201412-00460', 451, 1, 1, 8, 3, 1, 1, '2014-12-19 08:07:01', NULL, '', '', '', NULL, 'FULLS', NULL, NULL, '', '', NULL, '', '', NULL, NULL, 3, 3, '', 0, 0, '', 0),
('201412-00461', 452, 1, 1, 8, 3, 1, 1, '2014-12-19 08:08:32', NULL, '', '', '', NULL, 'FULLS', NULL, NULL, '', '', NULL, '', '', NULL, NULL, 3, 3, '', 0, 0, '', 0),
('201412-00462', 453, 1, 1, 8, 3, 1, 1, '2014-12-19 08:09:50', NULL, '', '', '', NULL, 'FULLS', NULL, NULL, '', '', NULL, '', '', NULL, NULL, 3, 3, '', 0, 0, '', 0),
('201412-00463', 454, 1, 1, 8, 3, 1, 1, '2014-12-19 08:10:38', NULL, '', '', '', NULL, 'FULLS', NULL, NULL, '', '', NULL, '', '', NULL, NULL, 3, 3, '', 0, 0, '', 0),
('201412-00464', 455, 1, 1, 8, 3, 1, 1, '2014-12-19 08:11:34', NULL, '', '', '', NULL, 'FULLS', NULL, NULL, '', '', NULL, '', '', NULL, NULL, 3, 3, '', 0, 0, '', 0),
('201412-00465', 456, 4, 4, 5, 0, 1, 1, '2014-12-19 08:25:00', NULL, '', '', 'LOCAL CON.LOADED MSK.', NULL, 'EMPTY', NULL, NULL, '', '', NULL, '', '', NULL, NULL, 0, 0, '', 0, 0, '', 0),
('201412-00466', 457, 2, 2, 2, 3, 1, 1, '2014-12-19 09:21:18', NULL, '', '', '', NULL, 'EMPTY', NULL, NULL, '', '', NULL, '', '', NULL, NULL, 3, 3, '', 0, 0, '', 0),
('201412-00467', 458, 2, 2, 2, 3, 1, 1, '2014-12-19 09:22:25', NULL, '', '', '', NULL, 'EMPTY', NULL, NULL, '', '', NULL, '', '', NULL, NULL, 3, 3, '', 0, 0, '', 0),
('201412-00468', 459, 2, 2, 2, 3, 1, 1, '2014-12-19 09:26:06', NULL, '', '', '', NULL, 'EMPTY', NULL, NULL, '', '', NULL, '', '', NULL, NULL, 3, 3, '', 0, 0, '', 0),
('201412-00469', 460, 2, 2, 2, 3, 1, 1, '2014-12-19 23:12:21', NULL, 'NMC008', 'MIXED LOAD', '', NULL, 'FULLS', NULL, '2014-09-09', '', '', NULL, '', '', NULL, NULL, 3, 3, '', 0, 0, '', 0),
('201412-00470', 461, 3, 2, 2, 3, 1, 1, '2014-12-20 00:08:15', NULL, '', '', '', NULL, 'FULLS', NULL, NULL, '', '', NULL, '', '', NULL, NULL, 3, 3, '', 0, 0, '', 0),
('201412-00471', 86, 4, 2, 2, 0, 1, 1, '2014-12-20 01:15:35', NULL, '', '', '', NULL, 'FULLS', NULL, NULL, '', '', NULL, '', '', NULL, NULL, 0, 0, '', 0, 0, '', 0),
('201412-00472', 462, 4, 1, 3, 0, 1, 2, '2014-12-20 01:42:03', NULL, '', '', '', NULL, 'FULLS', NULL, NULL, '', '', NULL, '', '', NULL, NULL, 0, 0, '', 0, 0, '', 0),
('201412-00473', 463, 2, 2, 2, 3, 1, 1, '2014-12-20 02:05:30', '2014-12-15', 'NMC058', '019042792C', '', NULL, 'FULLS', NULL, '2014-12-15', '826345914', 'T302366', NULL, '', '', NULL, NULL, 3, 3, '', 0, 0, '', 0),
('201412-00474', 464, 1, 1, 8, 3, 1, 1, '2014-12-20 03:25:43', NULL, '', '', '', NULL, 'FULLS', NULL, NULL, '', '', NULL, '', '', NULL, NULL, 3, 3, '', 0, 0, '', 0),
('201412-00475', 465, 1, 1, 8, 3, 1, 1, '2014-12-20 03:27:15', NULL, '', '', '', NULL, 'FULLS', NULL, NULL, '', '', NULL, '', '', NULL, NULL, 3, 3, '', 0, 0, '', 0),
('201412-00476', 466, 1, 1, 8, 3, 1, 1, '2014-12-20 03:28:10', NULL, '', '', '', NULL, 'FULLS', NULL, NULL, '', '', NULL, '', '', NULL, NULL, 3, 3, '', 0, 0, '', 0),
('201412-00477', 467, 1, 1, 8, 3, 1, 1, '2014-12-20 03:29:26', NULL, '', '', '', NULL, 'FULLS', NULL, NULL, '', '', NULL, '', '', NULL, NULL, 3, 3, '', 0, 0, '', 0),
('201412-00478', 468, 1, 1, 8, 0, 1, 1, '2014-12-20 03:31:00', NULL, '', '', '', NULL, 'FULLS', NULL, NULL, '', '', NULL, '', '', NULL, NULL, 0, 0, '', 0, 0, '', 0),
('201412-00479', 469, 1, 1, 8, 3, 1, 1, '2014-12-20 03:32:15', NULL, '', '', '', NULL, 'FULLS', NULL, NULL, '', '', NULL, '', '', NULL, NULL, 3, 3, '', 0, 0, '', 0),
('201412-00480', 470, 1, 1, 1, 0, 1, 1, '2014-12-26 04:49:18', NULL, '', '', '', NULL, 'FULLS', NULL, NULL, '', '', NULL, '', '', NULL, NULL, 0, 0, '', 0, 0, '', 0),
('201412-00481', 471, 4, 1, 1, 0, 1, 1, '2014-12-26 05:25:57', NULL, '', '', '', NULL, 'FULLS', NULL, NULL, '', '', NULL, '', '', NULL, NULL, 0, 0, '', 0, 0, '', 0),
('201412-00482', 472, 4, 1, 1, 0, 1, 1, '2014-12-26 05:32:00', NULL, '', '', '', NULL, 'EMPTY', NULL, NULL, '', '', NULL, '', '', NULL, NULL, 0, 0, '', 0, 0, '', 0),
('201412-00483', 473, 4, 1, 1, 0, 1, 2, '0000-00-00 00:00:00', NULL, '', '', '', NULL, 'FULLS', NULL, NULL, '', '', NULL, '', '', NULL, NULL, 0, 0, '', 0, 0, '', 0),
('201412-00484', 474, 3, 1, 1, 0, 1, 1, '2014-12-25 06:26:00', NULL, '', '', '', NULL, 'FULLS', NULL, NULL, '', '', NULL, '', '', NULL, NULL, 0, 0, '', 0, 0, '', 0),
('201412-00485', 475, 4, 1, 1, 0, 1, 1, '2014-12-26 05:47:00', NULL, '', '', '', NULL, 'FULLS', NULL, NULL, '', '', NULL, '', '', NULL, NULL, 0, 0, '', 0, 0, '', 0),
('201412-00486', 476, 3, 1, 1, 0, 1, 2, '2014-12-17 00:30:00', NULL, '', '', '', NULL, 'FULLS', NULL, NULL, '', '', NULL, '', '', NULL, NULL, 0, 0, '', 0, 0, '', 0),
('201504-00001', 477, 2, 1, 1, 0, 1, 3, '2014-12-18 10:37:00', NULL, '', '', 'PALLET', NULL, 'EMPTY', NULL, NULL, '', '', NULL, '', '', NULL, NULL, 0, 0, '', 0, 0, '', 0),
('201504-00002', 477, 4, 1, 1, 0, 1, 3, '2014-12-18 10:20:00', NULL, '', '', '', NULL, 'FULLS', NULL, NULL, '', '', NULL, '', '', NULL, NULL, 0, 0, '', 0, 0, '', 1),
('201504-00003', 478, 4, 3, 2, 0, 1, 1, '2015-04-20 08:11:00', NULL, '', '', '', NULL, 'EMPTY', NULL, NULL, '', '', NULL, '', '', '2015-04-20', NULL, 0, 0, '', 0, 0, '', 0),
('201504-00004', 479, 4, 13, 2, 0, 1, 1, '2015-04-20 08:22:00', NULL, '', '', '', NULL, 'EMPTY', NULL, NULL, '', '', NULL, '', '', '2015-04-20', NULL, 0, 0, '', 0, 0, '', 1),
('201504-00005', 480, 2, 3, 9, 0, 9, 1, '2015-04-22 14:06:00', NULL, '', '', '', NULL, 'FULLS', NULL, '2015-04-21', '', '', NULL, '', '', NULL, NULL, 0, 0, '', 0, 0, '', 0),
('201505-00001', 481, 3, 21, 8, 0, 1, 1, '2015-05-08 05:31:00', NULL, '', '', '', NULL, 'EMPTY', NULL, NULL, '', '', NULL, '', '', '2015-05-08', NULL, 0, 0, '', 0, 0, '', 0),
('201505-00002', 482, 3, 4, 9, 0, 1, 1, '2015-05-08 05:32:00', NULL, '', '', '', NULL, 'EMPTY', NULL, NULL, '', '', NULL, '', '', '2015-05-08', NULL, 0, 0, '', 0, 0, '', 0),
('201505-00003', 483, 4, 4, 3, 0, 1, 1, '2015-05-14 03:28:00', NULL, '', '', '', NULL, 'FULLS', NULL, NULL, '', '', NULL, '', '', '2015-05-14', NULL, 0, 0, '', 0, 0, 'BACKLOAD', 1),
('201505-00004', 484, 4, 21, 2, 0, 1, 1, '2015-05-18 07:48:00', NULL, '', '', '', NULL, 'EMPTY', NULL, NULL, '', '', NULL, '', '', '2015-05-18', NULL, 0, 0, '', 0, 0, 'BACKLOAD', 1),
('201505-00005', 485, 4, 4, 2, 0, 1, 1, '2015-05-18 07:55:00', NULL, '', '', '', NULL, 'EMPTY', NULL, NULL, '', '', NULL, '', '', '2015-05-18', NULL, 0, 0, '', 0, 0, 'BACKLOAD', 1),
('201505-00006', 486, 4, 4, 2, 0, 1, 1, '2015-05-18 08:23:00', NULL, '', '', '', NULL, 'EMPTY', NULL, NULL, '', '', NULL, '', '', '2015-05-18', NULL, 0, 0, '', 0, 0, 'REWORK', 1),
('201505-00007', 487, 4, 4, 8, 0, 1, 1, '2015-05-18 10:18:00', NULL, '', '', '', NULL, 'EMPTY', NULL, NULL, '', '', NULL, '', '', '2015-05-18', NULL, 0, 0, '', 0, 0, '', 0),
('201505-00008', 488, 1, 4, 3, 0, 1, 1, '2015-05-18 10:45:00', NULL, '', '', '', NULL, 'EMPTY', NULL, NULL, '', '', NULL, '', '', '2015-05-18', NULL, 0, 0, '', 0, 0, '', 0),
('201505-00009', 489, 1, 4, 12, 0, 1, 1, '2015-05-18 10:46:00', NULL, '', '', '', NULL, 'EMPTY', NULL, NULL, '', '', NULL, '', '', '2015-05-18', NULL, 0, 0, '', 0, 0, '', 0),
('201505-00010', 490, 3, 7, 3, 0, 1, 2, '2015-05-19 07:57:00', NULL, '', '', '', NULL, 'EMPTY', NULL, NULL, '', '', NULL, '', '', '2015-05-19', NULL, 0, 0, '', 0, 0, '', 0),
('201505-00011', 491, 3, 7, 8, 0, 1, 2, '2015-05-19 08:01:00', NULL, '', '', '', NULL, 'EMPTY', NULL, NULL, '', '', NULL, '', '', '2015-05-19', NULL, 0, 0, '', 0, 0, '', 0),
('201505-00012', 492, 3, 7, 3, 0, 1, 1, '2015-05-19 08:02:00', NULL, '', '', '', NULL, 'EMPTY', NULL, NULL, '', '', NULL, '', '', '2015-05-19', NULL, 0, 0, '', 0, 0, '', 0),
('201505-00013', 493, 3, 21, 3, 0, 1, 2, '2015-05-19 08:04:00', NULL, '', '', '', NULL, 'EMPTY', NULL, NULL, '', '', NULL, '', '', '2015-05-19', NULL, 0, 0, '', 0, 0, '', 0),
('201505-00014', 494, 3, 12, 8, 0, 1, 1, '2015-05-19 08:05:00', NULL, '', '', '', NULL, 'EMPTY', NULL, NULL, '', '', NULL, '', '', '2015-05-19', NULL, 0, 0, '', 0, 0, '', 0),
('201505-00015', 495, 3, 2, 8, 0, 1, 2, '2015-05-19 08:09:00', NULL, '', '', '', NULL, 'EMPTY', NULL, NULL, '', '', NULL, '', '', '2015-05-19', NULL, 0, 0, '', 0, 0, '', 0),
('201505-00016', 496, 3, 13, 3, 0, 1, 1, '2015-05-19 08:12:00', NULL, '', '', '', NULL, 'EMPTY', NULL, NULL, '', '', NULL, '', '', '2015-05-20', NULL, 0, 0, '', 0, 0, '', 0),
('201505-00017', 497, 3, 3, 2, 0, 1, 1, '2015-05-19 08:13:00', NULL, '', '', '', NULL, 'EMPTY', NULL, NULL, '', '', NULL, '', '', '2015-05-28', NULL, 0, 0, '', 0, 0, '', 0),
('201505-00018', 498, 3, 21, 2, 0, 1, 1, '2015-05-19 08:15:00', NULL, '', '', '', NULL, 'EMPTY', NULL, NULL, '', '', NULL, '', '', '2015-05-25', NULL, 0, 0, '', 0, 0, '', 0),
('201505-00019', 499, 3, 13, 2, 0, 1, 1, '2015-05-19 08:15:00', NULL, '', '', '', NULL, 'EMPTY', NULL, NULL, '', '', NULL, '', '', '2015-05-30', NULL, 0, 0, '', 0, 0, '', 0),
('201505-00020', 500, 3, 22, 2, 0, 1, 1, '2015-05-19 08:16:00', NULL, '', '', '', NULL, 'EMPTY', NULL, NULL, '', '', NULL, '', '', '2015-05-31', NULL, 0, 0, '', 0, 0, '', 0),
('201505-00021', 501, 3, 21, 7, 0, 1, 1, '2015-05-19 08:21:00', NULL, '', '', '', NULL, 'EMPTY', NULL, NULL, '', '', NULL, '', '', '2015-05-27', NULL, 0, 0, '', 0, 0, '', 0),
('201505-00022', 502, 3, 7, 2, 0, 1, 1, '2015-05-19 08:22:00', NULL, '', '', '', NULL, 'EMPTY', NULL, NULL, '', '', NULL, '', '', '2015-05-28', NULL, 0, 0, '', 0, 0, '', 0),
('201505-00023', 503, 3, 7, 2, 0, 1, 1, '2015-05-19 08:23:00', NULL, '', '', '', NULL, 'EMPTY', NULL, NULL, '', '', NULL, '', '', '2015-05-24', NULL, 0, 0, '', 0, 0, '', 0),
('201505-00024', 504, 3, 21, 2, 0, 1, 2, '2015-05-19 08:24:00', NULL, '', '', '', NULL, 'EMPTY', NULL, NULL, '', '', NULL, '', '', '2015-05-28', NULL, 0, 0, '', 0, 0, '', 0),
('201505-00025', 505, 3, 12, 2, 0, 1, 1, '2015-05-19 08:30:00', NULL, '', '', '', NULL, 'EMPTY', NULL, NULL, '', '', NULL, '', '', '2015-05-24', NULL, 0, 0, '', 0, 0, '', 0),
('201505-00026', 506, 3, 3, 7, 0, 1, 1, '2015-05-19 08:31:00', NULL, '', '', '', NULL, 'EMPTY', NULL, NULL, '', '', NULL, '', '', '2015-05-20', NULL, 0, 0, '', 0, 0, '', 0),
('201505-00027', 507, 3, 13, 7, 0, 1, 1, '2015-05-19 08:32:00', NULL, '', '', '', NULL, 'EMPTY', NULL, NULL, '', '', NULL, '', '', '2015-05-21', NULL, 0, 0, '', 0, 0, '', 0),
('201505-00028', 508, 3, 12, 2, 0, 1, 1, '2015-05-19 08:32:00', NULL, '', '', '', NULL, 'EMPTY', NULL, NULL, '', '', NULL, '', '', '2015-05-24', NULL, 0, 0, '', 0, 0, '', 0),
('201505-00029', 509, 3, 12, 2, 0, 1, 2, '2015-05-19 08:34:00', NULL, '', '', '', NULL, 'EMPTY', NULL, NULL, '', '', NULL, '', '', '2015-05-23', NULL, 0, 0, '', 0, 0, '', 0),
('201505-00030', 510, 3, 3, 2, 0, 1, 1, '2015-05-19 08:34:00', NULL, '', '', '', NULL, 'EMPTY', NULL, NULL, '', '', NULL, '', '', '2015-05-24', NULL, 0, 0, '', 0, 0, '', 0),
('201505-00031', 511, 3, 13, 2, 0, 1, 4, '2015-05-19 08:35:00', NULL, '', '', '', NULL, 'EMPTY', NULL, NULL, '', '', NULL, '', '', '2015-05-24', NULL, 0, 0, '', 0, 0, '', 0),
('201505-00032', 512, 4, 14, 8, 0, 1, 1, '2015-05-19 08:37:00', NULL, '', '', '', NULL, 'EMPTY', NULL, NULL, '', '', NULL, '', '', '2015-05-31', NULL, 0, 0, '', 0, 0, '', 0),
('201505-00033', 513, 4, 21, 3, 0, 1, 2, '2015-05-19 08:42:00', NULL, '', '', '', NULL, 'EMPTY', NULL, NULL, '', '', NULL, '', '', '2015-05-20', NULL, 0, 0, '', 0, 0, '', 0),
('201505-00034', 514, 4, 22, 3, 0, 1, 1, '2015-05-19 08:42:00', NULL, '', '', '', NULL, 'EMPTY', NULL, NULL, '', '', NULL, '', '', '2015-05-21', NULL, 0, 0, '', 0, 0, '', 0),
('201505-00035', 515, 4, 6, 7, 0, 1, 1, '2015-05-19 08:44:00', NULL, '', '', '', NULL, 'EMPTY', NULL, NULL, '', '', NULL, '', '', '2015-05-21', NULL, 0, 0, '', 0, 0, '', 0),
('201505-00036', 516, 4, 3, 8, 0, 1, 2, '2015-05-19 08:45:00', NULL, '', '', '', NULL, 'EMPTY', NULL, NULL, '', '', NULL, '', '', '2015-05-22', NULL, 0, 0, '', 0, 0, '', 0),
('201505-00037', 517, 4, 13, 8, 0, 1, 2, '2015-05-19 08:46:00', NULL, '', '', '', NULL, 'EMPTY', NULL, NULL, '', '', NULL, '', '', '2015-05-20', NULL, 0, 0, '', 0, 0, '', 0),
('201505-00038', 518, 4, 2, 3, 0, 1, 1, '2015-05-19 08:46:00', NULL, '', '', '', NULL, 'EMPTY', NULL, NULL, '', '', NULL, '', '', '2015-05-22', NULL, 0, 0, '', 0, 0, '', 0),
('201505-00039', 519, 4, 2, 3, 0, 1, 1, '2015-05-19 08:47:00', NULL, '', '', '', NULL, 'EMPTY', NULL, NULL, '', '', NULL, '', '', '2015-05-22', NULL, 0, 0, '', 0, 0, '', 0),
('201505-00040', 520, 4, 12, 2, 0, 1, 1, '2015-05-19 08:48:00', NULL, '', '', '', NULL, 'EMPTY', NULL, NULL, '', '', NULL, '', '', '2015-05-21', NULL, 0, 0, '', 0, 0, '', 0),
('201505-00041', 521, 4, 21, 3, 0, 1, 1, '2015-05-19 08:50:00', NULL, '', '', '', NULL, 'EMPTY', NULL, NULL, '', '', NULL, '', '', '2015-05-27', NULL, 0, 0, '', 0, 0, '', 0),
('201505-00042', 522, 4, 7, 3, 0, 1, 1, '2015-05-19 08:51:00', NULL, '', '', '', NULL, 'EMPTY', NULL, NULL, '', '', NULL, '', '', '2015-05-25', NULL, 0, 0, '', 0, 0, '', 0),
('201505-00043', 523, 4, 2, 2, 0, 1, 1, '2015-05-19 08:51:00', NULL, '', '', '', NULL, 'EMPTY', NULL, NULL, '', '', NULL, '', '', '2015-05-19', NULL, 0, 0, '', 0, 0, '', 0),
('201505-00044', 524, 1, 4, 3, 0, 1, 1, '2015-05-19 08:53:00', NULL, '', '', '', NULL, 'EMPTY', NULL, NULL, '', '', NULL, '', '', '2015-05-20', NULL, 0, 0, '', 0, 0, '', 0),
('201505-00045', 525, 1, 2, 8, 0, 1, 1, '2015-05-19 08:54:00', NULL, '', '', '', NULL, 'EMPTY', NULL, NULL, '', '', NULL, '', '', '2015-05-20', NULL, 0, 0, '', 0, 0, '', 0),
('201505-00046', 526, 1, 13, 7, 0, 1, 1, '2015-05-19 08:54:00', NULL, '', '', '', NULL, 'EMPTY', NULL, NULL, '', '', NULL, '', '', '2015-05-21', NULL, 0, 0, '', 0, 0, '', 0),
('201505-00047', 527, 1, 3, 2, 0, 1, 1, '2015-05-19 08:55:00', NULL, '', '', '', NULL, 'EMPTY', NULL, NULL, '', '', NULL, '', '', '2015-05-21', NULL, 0, 0, '', 0, 0, '', 0),
('201505-00048', 528, 4, 4, 4, 0, 1, 1, '2015-05-19 08:57:00', NULL, '', '', '', NULL, 'EMPTY', NULL, NULL, '', '', NULL, '', '', '2015-05-21', NULL, 0, 0, '', 0, 0, '', 0),
('201505-00049', 529, 1, 4, 9, 0, 1, 1, '2015-05-19 08:59:00', NULL, '', '', '', NULL, 'EMPTY', NULL, NULL, '', '', NULL, '', '', '2015-05-26', NULL, 0, 0, '', 0, 0, '', 0),
('201505-00050', 530, 4, 4, 8, 0, 1, 1, '2015-05-20 05:01:00', NULL, '', '', '', NULL, 'EMPTY', NULL, NULL, '', '', NULL, '', '', '2015-05-20', NULL, 0, 0, '', 0, 0, '', 0),
('201505-00051', 531, 3, 4, 8, 0, 1, 1, '2015-05-20 05:31:00', NULL, '', '', '', NULL, 'EMPTY', NULL, NULL, '', '', NULL, '', '', '2015-05-20', NULL, 0, 0, '', 0, 0, '', 0),
('201505-00052', 532, 4, 4, 3, 0, 1, 1, '2015-05-20 05:46:00', NULL, '', '', '', NULL, 'EMPTY', NULL, NULL, '', '', NULL, '', '', '2015-05-20', NULL, 0, 0, '', 0, 0, '', 0),
('201505-00053', 533, 4, 4, 3, 0, 1, 1, '2015-05-26 10:40:00', NULL, '', '', '', NULL, 'EMPTY', NULL, NULL, '', '', NULL, '', '', '2015-05-26', NULL, 0, 0, '', 0, 0, 'BACKLOAD', 1);

-- --------------------------------------------------------

--
-- Table structure for table `tcards_exit_passes`
--

CREATE TABLE IF NOT EXISTS `tcards_exit_passes` (
  `tcards_exit_passes_id` int(11) NOT NULL AUTO_INCREMENT,
  `tc_id` varchar(20) NOT NULL,
  `e_id` int(11) NOT NULL,
  PRIMARY KEY (`tcards_exit_passes_id`),
  KEY `fk_tcards_exit_passes_tcards1_idx` (`tc_id`),
  KEY `fk_tcards_exit_passes_exit_passes1_idx` (`e_id`)
) ENGINE=InnoDB DEFAULT CHARSET=utf8 AUTO_INCREMENT=1 ;

-- --------------------------------------------------------

--
-- Table structure for table `tcards_history`
--

CREATE TABLE IF NOT EXISTS `tcards_history` (
  `tch_id` int(11) NOT NULL,
  `v_id` int(11) NOT NULL,
  `tt_id` int(11) NOT NULL,
  `s_id` int(11) NOT NULL,
  `t_id` int(11) NOT NULL,
  `u_id` int(11) NOT NULL,
  `c_id` int(11) NOT NULL,
  `vt_id` int(11) NOT NULL,
  `m_id` int(11) NOT NULL,
  `tc_entrydate` timestamp NULL DEFAULT NULL,
  `tc_bin` varchar(100) DEFAULT NULL,
  `tc_remarks` text,
  `tc_checker` varchar(150) DEFAULT NULL,
  `tc_status` varchar(100) DEFAULT NULL,
  `tc_position` varchar(100) DEFAULT NULL,
  `tc_exitdate` timestamp NULL DEFAULT NULL,
  `tc_datestuffed` timestamp NULL DEFAULT NULL,
  `tc_dn` varchar(50) DEFAULT NULL,
  `tc_qcases` varchar(45) DEFAULT NULL,
  `tc_qbags` varchar(45) DEFAULT NULL,
  `tc_datestripped` timestamp NULL DEFAULT NULL,
  `tc_stucontroller` varchar(250) DEFAULT NULL,
  `tc_strcontroller` varchar(250) DEFAULT NULL,
  `tc_id` varchar(20) NOT NULL,
  PRIMARY KEY (`tch_id`),
  KEY `fk_tcards_history_tcards1_idx` (`tc_id`)
) ENGINE=InnoDB DEFAULT CHARSET=utf8;

-- --------------------------------------------------------

--
-- Table structure for table `tcard_incoming_materials`
--

CREATE TABLE IF NOT EXISTS `tcard_incoming_materials` (
  `tim_id` int(11) NOT NULL AUTO_INCREMENT,
  `tc_id` varchar(20) NOT NULL,
  `im_id` int(11) NOT NULL,
  `is_deleted` tinyint(1) NOT NULL DEFAULT '0',
  PRIMARY KEY (`tim_id`),
  KEY `tcard_incomin_materials_fkey_idx` (`im_id`),
  KEY `tcard_incoming_materials_tcard_fkey_idx` (`tc_id`)
) ENGINE=InnoDB  DEFAULT CHARSET=utf8 AUTO_INCREMENT=283 ;

--
-- Dumping data for table `tcard_incoming_materials`
--

INSERT INTO `tcard_incoming_materials` (`tim_id`, `tc_id`, `im_id`, `is_deleted`) VALUES
(1, '201412-00005', 42, 0),
(2, '201412-00006', 43, 0),
(3, '201412-00008', 27, 0),
(4, '201412-00018', 49, 0),
(5, '201412-00059', 42, 0),
(6, '201412-00060', 21, 0),
(7, '201412-00062', 21, 0),
(8, '201412-00085', 42, 0),
(9, '201412-00086', 42, 0),
(10, '201412-00092', 3, 0),
(11, '201412-00091', 3, 0),
(12, '201412-00103', 27, 0),
(13, '201412-00105', 13, 0),
(14, '201412-00121', 27, 0),
(15, '201412-00122', 27, 0),
(16, '201412-00123', 27, 0),
(17, '201412-00124', 27, 0),
(18, '201412-00125', 27, 0),
(19, '201412-00126', 27, 0),
(20, '201412-00127', 27, 0),
(21, '201412-00128', 27, 0),
(22, '201412-00129', 27, 0),
(23, '201412-00130', 27, 0),
(24, '201412-00131', 43, 0),
(25, '201412-00132', 43, 0),
(26, '201412-00133', 27, 0),
(27, '201412-00135', 27, 0),
(28, '201412-00136', 27, 0),
(29, '201412-00142', 27, 0),
(30, '201412-00143', 5, 0),
(31, '201412-00144', 29, 0),
(32, '201412-00148', 33, 0),
(33, '201412-00149', 33, 0),
(34, '201412-00150', 33, 0),
(35, '201412-00156', 33, 0),
(36, '201412-00157', 27, 0),
(37, '201412-00158', 27, 0),
(38, '201412-00159', 27, 0),
(39, '201412-00160', 27, 0),
(40, '201412-00161', 27, 0),
(41, '201412-00162', 27, 0),
(42, '201412-00163', 27, 0),
(43, '201412-00165', 27, 0),
(44, '201412-00166', 27, 0),
(45, '201412-00173', 27, 0),
(46, '201412-00174', 31, 0),
(47, '201412-00175', 27, 0),
(48, '201412-00178', 27, 0),
(49, '201412-00179', 27, 0),
(50, '201412-00180', 27, 0),
(51, '201412-00181', 25, 0),
(52, '201412-00182', 27, 0),
(53, '201412-00185', 24, 1),
(54, '201412-00185', 52, 0),
(55, '201412-00188', 27, 0),
(56, '201412-00189', 25, 0),
(57, '201412-00190', 32, 0),
(58, '201412-00191', 25, 0),
(59, '201412-00192', 25, 0),
(60, '201412-00193', 25, 0),
(61, '201412-00194', 25, 0),
(62, '201412-00200', 27, 0),
(63, '201412-00201', 27, 0),
(64, '201412-00204', 27, 0),
(65, '201412-00205', 27, 0),
(66, '201412-00206', 27, 0),
(67, '201412-00207', 27, 0),
(68, '201412-00214', 33, 0),
(69, '201412-00216', 25, 0),
(70, '201412-00217', 25, 0),
(71, '201412-00218', 25, 0),
(72, '201412-00219', 25, 0),
(73, '201412-00224', 35, 0),
(74, '201412-00230', 52, 0),
(75, '201412-00231', 52, 0),
(76, '201412-00233', 33, 0),
(77, '201412-00234', 25, 0),
(78, '201412-00235', 25, 0),
(79, '201412-00237', 27, 0),
(80, '201412-00238', 33, 0),
(81, '201412-00239', 27, 0),
(82, '201412-00240', 33, 0),
(83, '201412-00241', 33, 0),
(84, '201412-00242', 27, 0),
(85, '201412-00243', 27, 0),
(86, '201412-00244', 27, 0),
(87, '201412-00245', 25, 0),
(88, '201412-00248', 52, 0),
(89, '201412-00249', 27, 0),
(90, '201412-00250', 27, 0),
(91, '201412-00251', 27, 0),
(92, '201412-00252', 27, 0),
(93, '201412-00253', 33, 0),
(94, '201412-00254', 27, 0),
(95, '201412-00255', 27, 0),
(96, '201412-00256', 27, 0),
(97, '201412-00257', 27, 0),
(98, '201412-00258', 27, 0),
(99, '201412-00259', 27, 0),
(100, '201412-00261', 27, 0),
(101, '201412-00262', 25, 0),
(102, '201412-00263', 25, 0),
(103, '201412-00264', 27, 0),
(104, '201412-00265', 52, 0),
(105, '201412-00266', 27, 0),
(106, '201412-00267', 25, 0),
(107, '201412-00268', 35, 0),
(108, '201412-00275', 33, 0),
(109, '201412-00276', 27, 0),
(110, '201412-00277', 52, 0),
(111, '201412-00278', 52, 0),
(112, '201412-00283', 25, 0),
(113, '201412-00284', 25, 0),
(114, '201412-00285', 25, 0),
(115, '201412-00286', 27, 0),
(116, '201412-00287', 33, 0),
(117, '201412-00288', 25, 0),
(118, '201412-00290', 27, 0),
(119, '201412-00294', 25, 0),
(120, '201412-00295', 27, 0),
(121, '201412-00296', 27, 0),
(122, '201412-00297', 34, 0),
(123, '201412-00298', 27, 0),
(124, '201412-00299', 27, 0),
(125, '201412-00300', 34, 0),
(126, '201412-00301', 27, 0),
(127, '201412-00302', 52, 0),
(128, '201412-00303', 27, 0),
(129, '201412-00304', 27, 0),
(130, '201412-00305', 25, 0),
(131, '201412-00306', 41, 0),
(132, '201412-00307', 25, 0),
(133, '201412-00308', 25, 0),
(134, '201412-00309', 25, 0),
(135, '201412-00310', 25, 0),
(136, '201412-00311', 40, 0),
(137, '201412-00312', 33, 0),
(138, '201412-00313', 52, 0),
(139, '201412-00314', 52, 0),
(140, '201412-00315', 25, 0),
(141, '201412-00316', 33, 0),
(142, '201412-00317', 25, 0),
(143, '201412-00318', 33, 0),
(144, '201412-00319', 25, 0),
(145, '201412-00320', 34, 0),
(146, '201412-00321', 27, 0),
(147, '201504-00002', 27, 1),
(148, '201412-00323', 27, 0),
(149, '201412-00324', 27, 0),
(150, '201412-00325', 27, 0),
(151, '201412-00326', 27, 0),
(152, '201412-00327', 27, 0),
(153, '201412-00328', 27, 0),
(154, '201412-00329', 27, 0),
(155, '201412-00330', 27, 0),
(156, '201412-00336', 52, 0),
(157, '201412-00344', 33, 0),
(158, '201412-00345', 33, 0),
(159, '201412-00346', 31, 0),
(160, '201412-00347', 43, 0),
(161, '201412-00348', 43, 0),
(162, '201412-00354', 14, 0),
(163, '201412-00355', 8, 0),
(164, '201412-00356', 42, 0),
(165, '201412-00357', 42, 0),
(166, '201412-00358', 42, 0),
(167, '201412-00362', 42, 0),
(168, '201412-00363', 42, 0),
(169, '201412-00368', 27, 0),
(170, '201412-00369', 27, 0),
(171, '201412-00370', 27, 0),
(172, '201412-00371', 27, 0),
(173, '201412-00372', 27, 0),
(174, '201412-00373', 27, 0),
(175, '201412-00375', 27, 0),
(176, '201412-00384', 42, 0),
(177, '201412-00399', 3, 0),
(178, '201412-00400', 3, 0),
(179, '201412-00401', 3, 0),
(180, '201412-00402', 3, 0),
(181, '201412-00403', 3, 0),
(182, '201412-00409', 9, 0),
(183, '201412-00422', 9, 0),
(184, '201412-00426', 3, 0),
(185, '201412-00427', 25, 0),
(186, '201412-00428', 27, 0),
(187, '201412-00429', 27, 0),
(188, '201412-00430', 27, 0),
(189, '201412-00432', 27, 0),
(190, '201412-00433', 31, 0),
(191, '201412-00434', 27, 0),
(192, '201412-00435', 27, 0),
(193, '201412-00436', 31, 0),
(194, '201412-00437', 27, 0),
(195, '201412-00438', 27, 0),
(196, '201412-00439', 27, 0),
(197, '201412-00440', 27, 0),
(198, '201412-00441', 27, 0),
(199, '201412-00442', 38, 1),
(200, '201412-00443', 27, 0),
(201, '201412-00444', 27, 0),
(202, '201412-00445', 27, 0),
(203, '201412-00446', 27, 0),
(204, '201412-00447', 27, 0),
(205, '201412-00448', 27, 0),
(206, '201412-00449', 27, 0),
(207, '201412-00450', 42, 0),
(208, '201412-00451', 42, 0),
(209, '201412-00452', 44, 0),
(210, '201412-00453', 44, 0),
(211, '201412-00454', 44, 0),
(212, '201412-00455', 44, 0),
(213, '201412-00456', 44, 0),
(214, '201412-00457', 44, 0),
(215, '201412-00458', 44, 0),
(216, '201412-00459', 44, 0),
(217, '201412-00460', 44, 0),
(218, '201412-00462', 42, 0),
(219, '201412-00463', 44, 0),
(220, '201412-00464', 44, 0),
(221, '201412-00465', 27, 0),
(222, '201412-00470', 19, 0),
(223, '201412-00471', 32, 0),
(224, '201412-00442', 53, 0),
(225, '201412-00472', 27, 0),
(226, '201504-00003', 34, 0),
(227, '201504-00004', 39, 0),
(228, '201504-00004', 40, 0),
(229, '201504-00004', 41, 0),
(230, '201504-00002', 39, 0),
(231, '201505-00001', 1, 0),
(232, '201505-00002', 9, 0),
(233, '201505-00003', 27, 0),
(234, '201505-00004', 41, 0),
(235, '201505-00005', 33, 0),
(236, '201505-00006', 32, 0),
(237, '201505-00007', 24, 0),
(238, '201505-00008', 44, 0),
(239, '201505-00009', 42, 0),
(240, '201505-00010', 1, 0),
(241, '201505-00011', 2, 0),
(242, '201505-00012', 3, 0),
(243, '201505-00013', 3, 0),
(244, '201505-00014', 3, 0),
(245, '201505-00015', 3, 0),
(246, '201505-00016', 1, 0),
(247, '201505-00017', 4, 0),
(248, '201505-00018', 5, 0),
(249, '201505-00019', 6, 0),
(250, '201505-00020', 9, 0),
(251, '201505-00021', 10, 0),
(252, '201505-00022', 11, 0),
(253, '201505-00023', 12, 0),
(254, '201505-00024', 16, 0),
(255, '201505-00025', 17, 0),
(256, '201505-00026', 18, 0),
(257, '201505-00027', 19, 0),
(258, '201505-00028', 21, 0),
(259, '201505-00029', 21, 0),
(260, '201505-00030', 22, 0),
(261, '201505-00031', 23, 0),
(262, '201505-00032', 26, 0),
(263, '201505-00033', 27, 0),
(264, '201505-00035', 29, 0),
(265, '201505-00036', 30, 0),
(266, '201505-00037', 31, 0),
(267, '201505-00038', 32, 0),
(268, '201505-00039', 33, 0),
(269, '201505-00040', 34, 0),
(270, '201505-00041', 36, 0),
(271, '201505-00042', 37, 0),
(272, '201505-00043', 38, 0),
(273, '201505-00044', 44, 0),
(274, '201505-00045', 43, 0),
(275, '201505-00046', 42, 0),
(276, '201505-00047', 43, 0),
(277, '201505-00048', 44, 0),
(278, '201505-00049', 42, 0),
(279, '201505-00050', 25, 0),
(280, '201505-00051', 15, 0),
(281, '201505-00052', 33, 0),
(282, '201505-00053', 33, 0);

-- --------------------------------------------------------

--
-- Table structure for table `tcard_outgoing_materials`
--

CREATE TABLE IF NOT EXISTS `tcard_outgoing_materials` (
  `tom_id` int(11) NOT NULL AUTO_INCREMENT,
  `tc_id` varchar(20) NOT NULL,
  `m_id` int(11) NOT NULL,
  `is_deleted` tinyint(1) NOT NULL DEFAULT '0',
  PRIMARY KEY (`tom_id`),
  KEY `tcard_outgoing_materials_materials_fkey_idx` (`m_id`),
  KEY `tcard_outgoing_materials_tcards_fkey_idx` (`tc_id`)
) ENGINE=InnoDB  DEFAULT CHARSET=utf8 AUTO_INCREMENT=146 ;

--
-- Dumping data for table `tcard_outgoing_materials`
--

INSERT INTO `tcard_outgoing_materials` (`tom_id`, `tc_id`, `m_id`, `is_deleted`) VALUES
(1, '201412-00001', 8, 0),
(2, '201412-00009', 12, 0),
(3, '201412-00012', 10, 0),
(4, '201412-00012', 9, 0),
(5, '201412-00013', 14, 0),
(6, '201412-00014', 21, 0),
(7, '201412-00017', 11, 0),
(8, '201412-00020', 15, 0),
(9, '201412-00023', 10, 0),
(10, '201412-00023', 11, 0),
(11, '201412-00023', 14, 0),
(12, '201412-00025', 20, 0),
(13, '201412-00034', 21, 0),
(14, '201412-00035', 21, 0),
(15, '201412-00038', 21, 0),
(16, '201412-00041', 21, 0),
(17, '201412-00045', 15, 0),
(18, '201412-00049', 21, 0),
(19, '201412-00050', 21, 0),
(20, '201412-00052', 20, 0),
(21, '201412-00054', 15, 0),
(22, '201412-00058', 21, 0),
(23, '201412-00064', 15, 0),
(24, '201412-00066', 15, 0),
(25, '201412-00069', 21, 0),
(26, '201412-00072', 21, 0),
(27, '201412-00073', 8, 0),
(28, '201412-00073', 10, 0),
(29, '201412-00073', 12, 0),
(30, '201412-00073', 11, 0),
(31, '201412-00073', 13, 0),
(32, '201412-00075', 22, 0),
(33, '201412-00078', 22, 0),
(34, '201412-00079', 21, 0),
(35, '201412-00080', 21, 0),
(36, '201412-00081', 15, 0),
(37, '201412-00083', 21, 0),
(38, '201412-00093', 15, 0),
(39, '201412-00097', 15, 0),
(40, '201412-00098', 22, 0),
(41, '201412-00100', 15, 0),
(42, '201412-00101', 15, 0),
(43, '201412-00102', 22, 0),
(44, '201412-00106', 10, 0),
(45, '201412-00106', 9, 0),
(46, '201412-00106', 12, 0),
(47, '201412-00106', 14, 0),
(48, '201412-00107', 10, 0),
(49, '201412-00107', 12, 0),
(50, '201412-00107', 11, 0),
(51, '201412-00107', 14, 0),
(52, '201412-00109', 21, 0),
(53, '201412-00110', 22, 0),
(54, '201412-00112', 10, 0),
(55, '201412-00112', 9, 0),
(56, '201412-00113', 8, 0),
(57, '201412-00113', 10, 0),
(58, '201412-00113', 9, 0),
(59, '201412-00113', 12, 0),
(60, '201412-00113', 14, 0),
(61, '201412-00118', 21, 0),
(62, '201412-00137', 15, 0),
(63, '201412-00138', 15, 0),
(64, '201412-00141', 22, 0),
(65, '201412-00146', 22, 0),
(66, '201412-00151', 10, 0),
(67, '201412-00151', 9, 0),
(68, '201412-00151', 12, 0),
(69, '201412-00151', 13, 0),
(70, '201412-00151', 23, 0),
(71, '201412-00152', 8, 0),
(72, '201412-00152', 9, 0),
(73, '201412-00152', 12, 0),
(74, '201412-00152', 11, 0),
(75, '201412-00152', 14, 0),
(76, '201412-00152', 23, 0),
(77, '201412-00153', 21, 0),
(78, '201412-00154', 21, 0),
(79, '201412-00155', 22, 0),
(80, '201412-00164', 15, 0),
(81, '201412-00171', 22, 0),
(82, '201412-00172', 15, 0),
(83, '201412-00183', 22, 0),
(84, '201412-00210', 22, 0),
(85, '201412-00212', 22, 0),
(86, '201412-00221', 22, 0),
(87, '201412-00222', 15, 0),
(88, '201412-00223', 15, 0),
(89, '201412-00226', 22, 0),
(90, '201412-00227', 22, 0),
(91, '201412-00229', 15, 0),
(92, '201412-00232', 22, 0),
(93, '201412-00340', 12, 0),
(94, '201412-00341', 8, 0),
(95, '201412-00341', 10, 0),
(96, '201412-00341', 9, 0),
(97, '201412-00341', 12, 0),
(98, '201412-00341', 11, 0),
(99, '201412-00342', 12, 0),
(100, '201412-00343', 8, 0),
(101, '201412-00343', 12, 0),
(102, '201412-00343', 14, 0),
(103, '201412-00349', 26, 0),
(104, '201412-00352', 25, 0),
(105, '201412-00353', 21, 0),
(106, '201412-00378', 8, 0),
(107, '201412-00378', 10, 0),
(108, '201412-00378', 9, 0),
(109, '201412-00378', 12, 0),
(110, '201412-00378', 11, 0),
(111, '201412-00378', 14, 0),
(112, '201412-00378', 23, 0),
(113, '201412-00377', 8, 0),
(114, '201412-00379', 10, 0),
(115, '201412-00379', 9, 0),
(116, '201412-00379', 12, 0),
(117, '201412-00379', 11, 0),
(118, '201412-00379', 14, 0),
(119, '201412-00383', 21, 0),
(120, '201412-00418', 21, 0),
(121, '201412-00419', 21, 0),
(122, '201412-00420', 21, 0),
(123, '201412-00424', 8, 0),
(124, '201412-00424', 10, 0),
(125, '201412-00424', 9, 0),
(126, '201412-00424', 12, 0),
(127, '201412-00424', 11, 0),
(128, '201412-00424', 13, 0),
(129, '201412-00424', 23, 0),
(130, '201412-00425', 22, 0),
(131, '201412-00147', 10, 0),
(132, '201412-00147', 9, 0),
(133, '201412-00147', 12, 0),
(134, '201412-00147', 14, 0),
(135, '201412-00147', 23, 0),
(136, '201412-00029', 10, 0),
(137, '201412-00029', 9, 0),
(138, '201412-00029', 12, 0),
(139, '201412-00029', 11, 0),
(140, '201412-00029', 23, 0),
(141, '201412-00469', 10, 0),
(142, '201412-00469', 12, 0),
(143, '201412-00469', 14, 0),
(144, '201412-00473', 15, 0),
(145, '201504-00005', 8, 0);

-- --------------------------------------------------------

--
-- Table structure for table `tcard_position`
--

CREATE TABLE IF NOT EXISTS `tcard_position` (
  `tp_id` int(11) NOT NULL AUTO_INCREMENT,
  `tc_id` varchar(20) NOT NULL,
  `tp_position` varchar(50) DEFAULT NULL,
  `tp_left` varchar(100) DEFAULT NULL,
  `tp_top` varchar(100) DEFAULT NULL,
  `tp_timestamp` timestamp NOT NULL DEFAULT CURRENT_TIMESTAMP,
  PRIMARY KEY (`tp_id`),
  KEY `fk_tcard_position_tcads_idx` (`tc_id`)
) ENGINE=InnoDB  DEFAULT CHARSET=utf8 AUTO_INCREMENT=1165 ;

--
-- Dumping data for table `tcard_position`
--

INSERT INTO `tcard_position` (`tp_id`, `tc_id`, `tp_position`, `tp_left`, `tp_top`, `tp_timestamp`) VALUES
(1, '201412-00001', 'pending', NULL, NULL, '2014-12-01 08:57:47'),
(2, '201412-00001', 'MS6', '513px', '676px', '2014-12-01 08:58:49'),
(3, '201412-00002', 'pending', NULL, NULL, '2014-12-01 08:59:27'),
(4, '201412-00002', 'MS2', '606px', '738px', '2014-12-01 08:59:51'),
(5, '201412-00003', 'pending', NULL, NULL, '2014-12-01 09:00:43'),
(6, '201412-00003', 'MS5', '544px', '676px', '2014-12-01 09:00:51'),
(7, '201412-00004', 'pending', NULL, NULL, '2014-12-01 09:01:55'),
(8, '201412-00004', 'MS7', '482px', '676px', '2014-12-01 09:02:01'),
(9, '201412-00001', 'B14', '698px', '524px', '2014-12-01 09:07:23'),
(10, '201412-00003', 'B13', '698px', '493px', '2014-12-01 09:07:23'),
(11, '201412-00005', 'pending', NULL, NULL, '2014-12-01 09:11:40'),
(12, '201412-00006', 'pending', NULL, NULL, '2014-12-01 09:14:09'),
(13, '201412-00006', 'G1', '1629px', '831px', '2014-12-01 09:14:20'),
(14, '201412-00005', 'G3', '1567px', '831px', '2014-12-01 09:14:23'),
(15, '201412-00005', 'G2', '1598px', '831px', '2014-12-01 09:14:37'),
(16, '201412-00007', 'pending', NULL, NULL, '2014-12-01 09:21:04'),
(17, '201412-00007', 'CS3', '947px', '800px', '2014-12-01 09:21:15'),
(18, '201412-00008', 'pending', NULL, NULL, '2014-12-01 09:25:36'),
(19, '201412-00008', 'RM5', '358px', '862px', '2014-12-01 09:25:41'),
(20, '201412-00008', 'O1C', '296px', '524px', '2014-12-01 09:37:43'),
(21, '201412-00009', 'pending', NULL, NULL, '2014-12-01 09:40:12'),
(22, '201412-00010', 'pending', NULL, NULL, '2014-12-01 11:09:09'),
(23, '201412-00010', 'MS6', '513px', '676px', '2014-12-01 11:09:17'),
(24, '201412-00010', 'MSD', '296px', '676px', '2014-12-01 11:19:43'),
(25, '201412-00011', 'pending', NULL, NULL, '2014-12-01 11:24:40'),
(26, '201412-00011', 'D1C', '1381px', '524px', '2014-12-01 11:24:54'),
(27, '201412-00011', 'XD1', '1257px', '555px', '2014-12-01 12:30:07'),
(28, '201412-00010', 'D11', '1226px', '493px', '2014-12-16 10:31:38'),
(29, '201412-00010', 'D12', '1226px', '524px', '2014-12-16 10:33:23'),
(30, '201412-00002', 'D11', '1226px', '493px', '2014-12-16 10:33:23'),
(31, '201412-00012', 'pending', NULL, NULL, '2014-12-16 10:36:40'),
(32, '201412-00012', 'C12', '962px', '524px', '2014-12-16 10:42:17'),
(33, '201412-00013', 'pending', NULL, NULL, '2014-12-16 10:46:39'),
(34, '201412-00013', 'MS6', '513px', '676px', '2014-12-16 10:46:43'),
(35, '201412-00013', 'c32', '1490px', '338px', '2014-12-16 10:48:00'),
(36, '201412-00014', 'pending', NULL, NULL, '2014-12-16 10:51:08'),
(37, '201412-00014', 'C34', '993px', '338px', '2014-12-16 10:51:37'),
(38, '201412-00015', 'pending', NULL, NULL, '2014-12-16 11:11:29'),
(39, '201412-00003', 'B14', '698px', '524px', '2014-12-16 11:12:09'),
(40, '201412-00015', 'X14', '628px', '524px', '2014-12-16 11:12:09'),
(41, '201412-00015', 'MS6', '513px', '676px', '2014-12-16 11:13:52'),
(42, '201412-00016', 'pending', NULL, NULL, '2014-12-16 11:19:53'),
(43, '201412-00017', 'pending', NULL, NULL, '2014-12-16 11:22:43'),
(44, '201412-00017', 'pending', '', '', '2014-12-16 11:23:48'),
(45, '201412-00018', 'pending', NULL, NULL, '2014-12-16 11:34:07'),
(46, '201412-00018', 'RM1', '482px', '862px', '2014-12-16 11:34:13'),
(47, '201412-00019', 'pending', NULL, NULL, '2014-12-16 12:36:22'),
(48, '201412-00019', 'CE6', '1738px', '524px', '2014-12-16 12:36:36'),
(49, '201412-00020', 'pending', NULL, NULL, '2014-12-16 12:39:24'),
(50, '201412-00020', 'CE4', '1738px', '462px', '2014-12-16 12:39:31'),
(51, '201412-00021', 'pending', NULL, NULL, '2014-12-16 12:40:33'),
(52, '201412-00021', 'CE3', '1738px', '431px', '2014-12-16 12:40:38'),
(53, '201412-00022', 'pending', NULL, NULL, '2014-12-16 12:41:05'),
(54, '201412-00022', 'CE2', '1738px', '400px', '2014-12-16 12:41:09'),
(55, '201412-00023', 'pending', NULL, NULL, '2014-12-16 12:43:43'),
(56, '201412-00023', 'c12', '1490px', '524px', '2014-12-16 12:44:01'),
(57, '201412-00024', 'pending', NULL, NULL, '2014-12-16 12:45:52'),
(58, '201412-00024', 'c12', '1490px', '524px', '2014-12-16 12:47:13'),
(59, '201412-00023', 'c11', '1490px', '493px', '2014-12-16 12:47:13'),
(60, '201412-00025', 'pending', NULL, NULL, '2014-12-16 12:48:52'),
(61, '201412-00025', 'c14', '1521px', '524px', '2014-12-16 12:48:57'),
(62, '201412-00026', 'pending', NULL, NULL, '2014-12-16 12:50:14'),
(63, '201412-00026', 'c13', '1521px', '493px', '2014-12-16 12:50:19'),
(64, '201412-00027', 'pending', NULL, NULL, '2014-12-16 12:51:38'),
(65, '201412-00027', 'c16', '1552px', '524px', '2014-12-16 12:51:46'),
(66, '201412-00028', 'pending', NULL, NULL, '2014-12-16 12:54:51'),
(67, '201412-00028', 'c15', '1552px', '493px', '2014-12-16 12:54:55'),
(68, '201412-00029', 'pending', NULL, NULL, '2014-12-16 12:56:29'),
(69, '201412-00029', 'c18', '1583px', '524px', '2014-12-16 12:56:33'),
(70, '201412-00030', 'pending', NULL, NULL, '2014-12-16 12:57:35'),
(71, '201412-00030', 'c17', '1583px', '493px', '2014-12-16 12:57:41'),
(72, '201412-00031', 'pending', NULL, NULL, '2014-12-16 12:58:14'),
(73, '201412-00031', 'c1A', '1614px', '524px', '2014-12-16 12:58:18'),
(74, '201412-00032', 'pending', NULL, NULL, '2014-12-16 12:58:51'),
(75, '201412-00032', 'c19', '1614px', '493px', '2014-12-16 12:58:55'),
(76, '201412-00033', 'pending', NULL, NULL, '2014-12-16 12:59:32'),
(77, '201412-00033', 'c1C', '1645px', '524px', '2014-12-16 12:59:36'),
(78, '201412-00034', 'pending', NULL, NULL, '2014-12-16 13:00:44'),
(79, '201412-00034', 'CE5', '1738px', '493px', '2014-12-16 13:00:49'),
(80, '201412-00035', 'pending', NULL, NULL, '2014-12-16 13:04:12'),
(81, '201412-00035', 'c28', '1583px', '431px', '2014-12-16 13:04:32'),
(82, '201412-00036', 'pending', NULL, NULL, '2014-12-16 13:07:22'),
(83, '201412-00037', 'pending', NULL, NULL, '2014-12-16 13:08:53'),
(84, '201412-00036', 'c27', '1583px', '400px', '2014-12-16 13:09:05'),
(85, '201412-00037', 'c2A', '1614px', '431px', '2014-12-16 13:09:05'),
(86, '201412-00038', 'pending', NULL, NULL, '2014-12-16 13:11:22'),
(87, '201412-00038', 'c36', '1552px', '338px', '2014-12-16 13:11:34'),
(88, '201412-00039', 'pending', NULL, NULL, '2014-12-16 13:14:34'),
(89, '201412-00039', 'c35', '1552px', '307px', '2014-12-16 13:14:39'),
(90, '201412-00039', 'c38', '1583px', '338px', '2014-12-16 13:15:01'),
(91, '201412-00040', 'pending', NULL, NULL, '2014-12-16 13:16:22'),
(92, '201412-00040', 'c3A', '1614px', '338px', '2014-12-16 13:16:42'),
(93, '201412-00040', 'c3C', '1645px', '338px', '2014-12-16 13:17:09'),
(94, '201412-00039', 'c3A', '1614px', '338px', '2014-12-16 13:17:09'),
(95, '201412-00038', 'c38', '1583px', '338px', '2014-12-16 13:17:09'),
(96, '201412-00041', 'pending', NULL, NULL, '2014-12-16 13:19:14'),
(97, '201412-00041', 'c42', '1490px', '245px', '2014-12-16 13:19:31'),
(98, '201412-00042', 'pending', NULL, NULL, '2014-12-16 13:23:20'),
(99, '201412-00042', 'c41', '1490px', '214px', '2014-12-16 13:23:28'),
(100, '201412-00043', 'pending', NULL, NULL, '2014-12-16 13:25:19'),
(101, '201412-00043', 'c44', '1521px', '245px', '2014-12-16 13:25:25'),
(102, '201412-00044', 'pending', NULL, NULL, '2014-12-16 13:27:03'),
(103, '201412-00044', 'c43', '1521px', '214px', '2014-12-16 13:27:07'),
(104, '201412-00045', 'pending', NULL, NULL, '2014-12-16 13:28:46'),
(105, '201412-00045', 'c46', '1552px', '245px', '2014-12-16 13:28:53'),
(106, '201412-00046', 'pending', NULL, NULL, '2014-12-16 13:30:21'),
(107, '201412-00046', 'c45', '1552px', '214px', '2014-12-16 13:30:39'),
(108, '201412-00047', 'pending', NULL, NULL, '2014-12-16 13:31:46'),
(109, '201412-00047', 'c48', '1583px', '245px', '2014-12-16 13:31:52'),
(110, '201412-00048', 'pending', NULL, NULL, '2014-12-16 13:34:08'),
(111, '201412-00048', 'c47', '1583px', '214px', '2014-12-16 13:34:16'),
(112, '201412-00049', 'pending', NULL, NULL, '2014-12-16 13:35:48'),
(113, '201412-00049', 'c4A', '1614px', '245px', '2014-12-16 13:35:53'),
(114, '201412-00050', 'pending', NULL, NULL, '2014-12-16 13:38:01'),
(115, '201412-00050', 'c49', '1614px', '214px', '2014-12-16 13:38:06'),
(116, '201412-00051', 'pending', NULL, NULL, '2014-12-16 13:39:26'),
(117, '201412-00051', 'c4C', '1645px', '245px', '2014-12-16 13:39:33'),
(118, '201412-00052', 'pending', NULL, NULL, '2014-12-16 13:41:27'),
(119, '201412-00052', 'c54', '1521px', '152px', '2014-12-16 13:41:43'),
(120, '201412-00053', 'pending', NULL, NULL, '2014-12-16 13:47:18'),
(121, '201412-00053', 'c56', '1552px', '152px', '2014-12-16 13:47:25'),
(122, '201412-00054', 'pending', NULL, NULL, '2014-12-16 13:50:52'),
(123, '201412-00054', 'c58', '1583px', '152px', '2014-12-16 13:51:04'),
(124, '201412-00055', 'pending', NULL, NULL, '2014-12-16 13:52:58'),
(125, '201412-00055', 'c57', '1583px', '121px', '2014-12-16 13:53:04'),
(126, '201412-00056', 'pending', NULL, NULL, '2014-12-18 00:49:39'),
(127, '201412-00056', 'c26', '1552px', '431px', '2014-12-18 00:49:46'),
(128, '201412-00057', 'pending', NULL, NULL, '2014-12-18 00:52:08'),
(129, '201412-00038', 'c25', '1552px', '400px', '2014-12-18 00:54:38'),
(130, '201412-00039', 'c24', '1521px', '431px', '2014-12-18 00:54:38'),
(131, '201412-00057', 'c22', '1490px', '431px', '2014-12-18 00:54:38'),
(132, '201412-00032', 'XD4', '1350px', '555px', '2014-12-18 00:54:38'),
(133, '201412-00058', 'pending', NULL, NULL, '2014-12-18 00:59:40'),
(134, '201412-00059', 'pending', NULL, NULL, '2014-12-18 01:01:42'),
(135, '201412-00034', 'D58', '1319px', '152px', '2014-12-18 01:01:51'),
(136, '201412-00030', 'CE5', '1738px', '493px', '2014-12-18 01:01:51'),
(137, '201412-00052', 'c52', '1490px', '152px', '2014-12-18 01:01:51'),
(138, '201412-00053', 'c54', '1521px', '152px', '2014-12-18 01:01:51'),
(139, '201412-00054', 'c56', '1552px', '152px', '2014-12-18 01:01:51'),
(140, '201412-00055', 'c55', '1552px', '121px', '2014-12-18 01:01:52'),
(141, '201412-00059', 'c58', '1583px', '152px', '2014-12-18 01:02:14'),
(142, '201412-00058', 'c57', '1583px', '121px', '2014-12-18 01:02:21'),
(143, '201412-00060', 'pending', NULL, NULL, '2014-12-18 01:03:55'),
(144, '201412-00060', 'c5A', '1614px', '152px', '2014-12-18 01:04:01'),
(145, '201412-00061', 'pending', NULL, NULL, '2014-12-18 01:04:59'),
(146, '201412-00061', 'c59', '1614px', '121px', '2014-12-18 01:05:04'),
(147, '201412-00062', 'pending', NULL, NULL, '2014-12-18 01:06:00'),
(148, '201412-00062', 'c5C', '1645px', '152px', '2014-12-18 01:06:05'),
(149, '201412-00063', 'pending', NULL, NULL, '2014-12-18 01:09:03'),
(150, '201412-00063', 'D1C', '1381px', '524px', '2014-12-18 01:09:17'),
(151, '201412-00064', 'pending', NULL, NULL, '2014-12-18 01:11:08'),
(152, '201412-00064', 'D1B', '1381px', '493px', '2014-12-18 01:11:16'),
(153, '201412-00065', 'pending', NULL, NULL, '2014-12-18 01:16:28'),
(154, '201412-00065', 'D1A', '1350px', '524px', '2014-12-18 01:16:37'),
(155, '201412-00066', 'pending', NULL, NULL, '2014-12-18 01:19:18'),
(156, '201412-00066', 'D19', '1350px', '493px', '2014-12-18 01:20:28'),
(157, '201412-00067', 'pending', NULL, NULL, '2014-12-18 01:22:30'),
(158, '201412-00067', 'D18', '1319px', '524px', '2014-12-18 01:22:36'),
(159, '201412-00068', 'pending', NULL, NULL, '2014-12-18 01:24:53'),
(160, '201412-00068', 'D17', '1319px', '493px', '2014-12-18 01:25:00'),
(161, '201412-00069', 'pending', NULL, NULL, '2014-12-18 01:29:00'),
(162, '201412-00069', 'D16', '1288px', '524px', '2014-12-18 01:29:16'),
(163, '201412-00070', 'pending', NULL, NULL, '2014-12-18 01:41:28'),
(164, '201412-00070', 'c1B', '1645px', '493px', '2014-12-18 01:42:16'),
(165, '201412-00071', 'pending', NULL, NULL, '2014-12-18 01:43:32'),
(166, '201412-00071', 'c19', '1614px', '493px', '2014-12-18 01:43:45'),
(167, '201412-00070', 'c17', '1583px', '493px', '2014-12-18 01:48:52'),
(168, '201412-00070', 'pending', '', '', '2014-12-18 01:53:02'),
(169, '201412-00072', 'pending', NULL, NULL, '2014-12-18 02:02:06'),
(170, '201412-00072', 'D15', '1288px', '493px', '2014-12-18 02:04:12'),
(171, '201412-00073', 'pending', NULL, NULL, '2014-12-18 02:09:09'),
(172, '201412-00074', 'pending', NULL, NULL, '2014-12-18 02:15:59'),
(173, '201412-00075', 'pending', NULL, NULL, '2014-12-18 02:21:08'),
(174, '201412-00076', 'pending', NULL, NULL, '2014-12-18 02:25:22'),
(175, '201412-00077', 'pending', NULL, NULL, '2014-12-18 02:27:57'),
(176, '201412-00078', 'pending', NULL, NULL, '2014-12-18 02:31:01'),
(177, '201412-00074', 'D2C', '1381px', '431px', '2014-12-18 02:37:28'),
(178, '201412-00075', 'D2B', '1381px', '400px', '2014-12-18 02:37:39'),
(179, '201412-00076', 'D2A', '1350px', '431px', '2014-12-18 02:37:50'),
(180, '201412-00077', 'D29', '1350px', '400px', '2014-12-18 02:38:00'),
(181, '201412-00078', 'D28', '1319px', '431px', '2014-12-18 02:38:10'),
(182, '201412-00079', 'pending', NULL, NULL, '2014-12-18 02:39:56'),
(183, '201412-00079', 'D26', '1288px', '431px', '2014-12-18 02:40:10'),
(184, '201412-00079', 'D27', '1319px', '400px', '2014-12-18 02:42:03'),
(185, '201412-00080', 'pending', NULL, NULL, '2014-12-18 02:43:31'),
(186, '201412-00080', 'D26', '1288px', '431px', '2014-12-18 02:43:41'),
(187, '201412-00081', 'pending', NULL, NULL, '2014-12-18 02:45:37'),
(188, '201412-00081', 'D25', '1288px', '400px', '2014-12-18 02:45:49'),
(189, '201412-00082', 'pending', NULL, NULL, '2014-12-18 02:47:02'),
(190, '201412-00082', 'D24', '1257px', '431px', '2014-12-18 02:47:09'),
(191, '201412-00083', 'pending', NULL, NULL, '2014-12-18 02:48:51'),
(192, '201412-00083', 'D23', '1257px', '400px', '2014-12-18 02:48:58'),
(193, '201412-00029', 'C1A', '1086px', '524px', '2014-12-18 02:49:34'),
(194, '201412-00073', 'c18', '1583px', '524px', '2014-12-18 02:49:34'),
(195, '201412-00070', 'c17', '1583px', '493px', '2014-12-18 02:49:34'),
(196, '201412-00029', 'pending', '', '', '2014-12-18 02:51:15'),
(197, '201412-00084', 'pending', NULL, NULL, '2014-12-18 02:57:05'),
(198, '201412-00084', 'D14', '1257px', '524px', '2014-12-18 02:57:12'),
(199, '201412-00085', 'pending', NULL, NULL, '2014-12-18 02:59:17'),
(200, '201412-00086', 'pending', NULL, NULL, '2014-12-18 03:00:41'),
(201, '201412-00085', 'R1O', '1288px', '662px', '2014-12-18 03:01:56'),
(202, '201412-00086', 'R1N', '1288px', '631px', '2014-12-18 03:02:01'),
(203, '201412-00087', 'pending', NULL, NULL, '2014-12-18 03:03:57'),
(204, '201412-00088', 'pending', NULL, NULL, '2014-12-18 03:08:49'),
(205, '201412-00089', 'pending', NULL, NULL, '2014-12-18 03:10:55'),
(206, '201412-00090', 'pending', NULL, NULL, '2014-12-18 03:13:35'),
(207, '201412-00088', 'pending', '', '', '2014-12-18 03:13:50'),
(208, '201412-00084', 'D22', '1226px', '431px', '2014-12-18 03:13:50'),
(209, '201412-00089', 'D21', '1226px', '400px', '2014-12-18 03:13:50'),
(210, '201412-00090', 'D3C', '1381px', '338px', '2014-12-18 03:13:50'),
(211, '201412-00091', 'pending', NULL, NULL, '2014-12-18 03:15:04'),
(212, '201412-00092', 'pending', NULL, NULL, '2014-12-18 03:16:39'),
(213, '201412-00091', 'CS4', '916px', '800px', '2014-12-18 03:16:58'),
(214, '201412-00092', 'CS3', '947px', '800px', '2014-12-18 03:17:04'),
(215, '201412-00093', 'pending', NULL, NULL, '2014-12-18 03:19:59'),
(216, '201412-00093', 'D3B', '1381px', '307px', '2014-12-18 03:20:08'),
(217, '201412-00094', 'pending', NULL, NULL, '2014-12-18 03:21:41'),
(218, '201412-00094', 'D3A', '1350px', '338px', '2014-12-18 03:21:51'),
(219, '201412-00095', 'pending', NULL, NULL, '2014-12-18 03:24:40'),
(220, '201412-00096', 'pending', NULL, NULL, '2014-12-18 03:26:40'),
(221, '201412-00097', 'pending', NULL, NULL, '2014-12-18 03:28:44'),
(222, '201412-00093', 'D3A', '1350px', '338px', '2014-12-18 03:29:05'),
(223, '201412-00094', 'D39', '1350px', '307px', '2014-12-18 03:29:05'),
(224, '201412-00095', 'D38', '1319px', '338px', '2014-12-18 03:29:05'),
(225, '201412-00096', 'D37', '1319px', '307px', '2014-12-18 03:29:05'),
(226, '201412-00097', 'D36', '1288px', '338px', '2014-12-18 03:29:05'),
(227, '201412-00098', 'pending', NULL, NULL, '2014-12-18 03:31:02'),
(228, '201412-00098', 'D34', '1257px', '338px', '2014-12-18 03:31:12'),
(229, '201412-00099', 'pending', NULL, NULL, '2014-12-18 03:33:16'),
(230, '201412-00052', 'pending', NULL, NULL, '2014-12-18 03:33:50'),
(231, '201412-00099', 'D4C', '1381px', '245px', '2014-12-18 03:35:43'),
(232, '201412-00100', 'pending', NULL, NULL, '2014-12-18 03:37:16'),
(233, '201412-00100', 'D4A', '1350px', '245px', '2014-12-18 03:37:31'),
(234, '201412-00101', 'pending', NULL, NULL, '2014-12-18 03:39:05'),
(235, '201412-00101', 'D49', '1350px', '214px', '2014-12-18 03:39:13'),
(236, '201412-00102', 'pending', NULL, NULL, '2014-12-18 03:41:28'),
(237, '201412-00102', 'D48', '1319px', '245px', '2014-12-18 03:41:37'),
(238, '201412-00103', 'pending', NULL, NULL, '2014-12-18 03:43:02'),
(239, '201412-00103', 'D47', '1319px', '214px', '2014-12-18 03:43:17'),
(240, '201412-00104', 'pending', NULL, NULL, '2014-12-18 03:44:39'),
(241, '201412-00104', 'D46', '1288px', '245px', '2014-12-18 03:44:47'),
(242, '201412-00105', 'pending', NULL, NULL, '2014-12-18 03:46:06'),
(243, '201412-00105', 'D45', '1288px', '214px', '2014-12-18 03:46:17'),
(244, '201412-00106', 'pending', NULL, NULL, '2014-12-18 03:49:46'),
(245, '201412-00106', 'D44', '1257px', '245px', '2014-12-18 03:50:00'),
(246, '201412-00107', 'pending', NULL, NULL, '2014-12-18 03:53:15'),
(247, '201412-00034', 'pending', '', '', '2014-12-18 03:53:32'),
(248, '201412-00107', 'D5A', '1350px', '152px', '2014-12-18 03:53:32'),
(249, '201412-00108', 'pending', NULL, NULL, '2014-12-18 03:55:01'),
(250, '201412-00108', 'D58', '1319px', '152px', '2014-12-18 03:55:10'),
(251, '201412-00109', 'pending', NULL, NULL, '2014-12-18 03:56:34'),
(252, '201412-00109', 'D57', '1319px', '121px', '2014-12-18 03:56:42'),
(253, '201412-00110', 'pending', NULL, NULL, '2014-12-18 03:58:28'),
(254, '201412-00110', 'D56', '1288px', '152px', '2014-12-18 03:58:34'),
(255, '201412-00111', 'pending', NULL, NULL, '2014-12-18 04:00:26'),
(256, '201412-00111', 'D55', '1288px', '121px', '2014-12-18 04:00:36'),
(257, '201412-00112', 'pending', NULL, NULL, '2014-12-18 04:04:48'),
(258, '201412-00112', 'D6A', '1350px', '59px', '2014-12-18 04:04:58'),
(259, '201412-00113', 'pending', NULL, NULL, '2014-12-18 04:07:57'),
(260, '201412-00113', 'D69', '1350px', '28px', '2014-12-18 04:08:05'),
(261, '201412-00114', 'pending', NULL, NULL, '2014-12-18 04:13:17'),
(262, '201412-00114', 'D68', '1319px', '59px', '2014-12-18 04:13:28'),
(263, '201412-00115', 'pending', NULL, NULL, '2014-12-18 04:15:09'),
(264, '201412-00115', 'D67', '1319px', '28px', '2014-12-18 04:15:15'),
(265, '201412-00116', 'pending', NULL, NULL, '2014-12-18 04:17:06'),
(266, '201412-00116', 'D66', '1288px', '59px', '2014-12-18 04:17:10'),
(267, '201412-00117', 'pending', NULL, NULL, '2014-12-18 04:18:07'),
(268, '201412-00117', 'D65', '1288px', '28px', '2014-12-18 04:18:10'),
(269, '201412-00118', 'pending', NULL, NULL, '2014-12-18 04:19:42'),
(270, '201412-00118', 'D64', '1257px', '59px', '2014-12-18 04:19:48'),
(271, '201412-00119', 'pending', NULL, NULL, '2014-12-18 04:21:23'),
(272, '201412-00119', 'D63', '1257px', '28px', '2014-12-18 04:21:27'),
(273, '201412-00120', 'pending', NULL, NULL, '2014-12-18 04:22:54'),
(274, '201412-00120', 'D62', '1226px', '59px', '2014-12-18 04:23:00'),
(275, '201412-00121', 'pending', NULL, NULL, '2014-12-18 04:31:13'),
(276, '201412-00121', 'C1C', '1117px', '524px', '2014-12-18 04:31:17'),
(277, '201412-00122', 'pending', NULL, NULL, '2014-12-18 04:32:08'),
(278, '201412-00122', 'C1B', '1117px', '493px', '2014-12-18 04:32:15'),
(279, '201412-00123', 'pending', NULL, NULL, '2014-12-18 04:32:47'),
(280, '201412-00123', 'C1A', '1086px', '524px', '2014-12-18 04:32:51'),
(281, '201412-00124', 'pending', NULL, NULL, '2014-12-18 04:33:41'),
(282, '201412-00124', 'C19', '1086px', '493px', '2014-12-18 04:33:45'),
(283, '201412-00125', 'pending', NULL, NULL, '2014-12-18 04:34:19'),
(284, '201412-00125', 'C2C', '1117px', '431px', '2014-12-18 04:34:43'),
(285, '201412-00126', 'pending', NULL, NULL, '2014-12-18 04:35:51'),
(286, '201412-00126', 'C2B', '1117px', '400px', '2014-12-18 04:35:59'),
(287, '201412-00127', 'pending', NULL, NULL, '2014-12-18 04:36:38'),
(288, '201412-00127', 'C18', '1055px', '524px', '2014-12-18 04:36:43'),
(289, '201412-00128', 'pending', NULL, NULL, '2014-12-18 04:37:13'),
(290, '201412-00128', 'C17', '1055px', '493px', '2014-12-18 04:37:16'),
(291, '201412-00129', 'pending', NULL, NULL, '2014-12-18 04:37:59'),
(292, '201412-00129', 'C16', '1024px', '524px', '2014-12-18 04:38:06'),
(293, '201412-00130', 'pending', NULL, NULL, '2014-12-18 04:38:36'),
(294, '201412-00130', 'C15', '1024px', '493px', '2014-12-18 04:38:42'),
(295, '201412-00131', 'pending', NULL, NULL, '2014-12-18 04:40:10'),
(296, '201412-00131', 'CSI', '668px', '738px', '2014-12-18 04:40:41'),
(297, '201412-00132', 'pending', NULL, NULL, '2014-12-18 04:41:27'),
(298, '201412-00132', 'CSN', '668px', '707px', '2014-12-18 04:41:31'),
(299, '201412-00133', 'pending', NULL, NULL, '2014-12-18 04:42:22'),
(300, '201412-00133', 'C14', '993px', '524px', '2014-12-18 04:42:26'),
(301, '201412-00134', 'pending', NULL, NULL, '2014-12-18 04:42:52'),
(302, '201412-00134', 'C13', '993px', '493px', '2014-12-18 04:43:10'),
(303, '201412-00135', 'pending', NULL, NULL, '2014-12-18 04:43:38'),
(304, '201412-00135', 'C12', '962px', '524px', '2014-12-18 04:43:46'),
(305, '201412-00136', 'pending', NULL, NULL, '2014-12-18 04:44:16'),
(306, '201412-00136', 'C11', '962px', '493px', '2014-12-18 04:44:20'),
(307, '201412-00137', 'pending', NULL, NULL, '2014-12-18 04:45:26'),
(308, '201412-00137', 'C36', '1024px', '338px', '2014-12-18 04:45:46'),
(309, '201412-00138', 'pending', NULL, NULL, '2014-12-18 04:47:21'),
(310, '201412-00138', 'C34', '993px', '338px', '2014-12-18 04:47:25'),
(311, '201412-00139', 'pending', NULL, NULL, '2014-12-18 04:49:06'),
(312, '201412-00139', 'C33', '993px', '307px', '2014-12-18 04:49:23'),
(313, '201412-00140', 'pending', NULL, NULL, '2014-12-18 04:52:34'),
(314, '201412-00140', 'C32', '962px', '338px', '2014-12-18 04:52:40'),
(315, '201412-00141', 'pending', NULL, NULL, '2014-12-18 04:54:38'),
(316, '201412-00141', 'C31', '962px', '307px', '2014-12-18 04:54:42'),
(317, '201412-00142', 'pending', NULL, NULL, '2014-12-18 04:55:50'),
(318, '201412-00142', 'A4A', '527px', '245px', '2014-12-18 04:56:03'),
(319, '201412-00143', 'pending', NULL, NULL, '2014-12-18 04:57:22'),
(320, '201412-00144', 'pending', NULL, NULL, '2014-12-18 04:59:06'),
(321, '201412-00145', 'pending', NULL, NULL, '2014-12-18 04:59:42'),
(322, '201412-00146', 'pending', NULL, NULL, '2014-12-18 05:01:45'),
(323, '201412-00147', 'pending', NULL, NULL, '2014-12-18 05:03:30'),
(324, '201412-00142', 'C4A', '1086px', '245px', '2014-12-18 05:03:44'),
(325, '201412-00143', 'C49', '1086px', '214px', '2014-12-18 05:03:44'),
(326, '201412-00144', 'C48', '1055px', '245px', '2014-12-18 05:03:44'),
(327, '201412-00145', 'C47', '1055px', '214px', '2014-12-18 05:03:44'),
(328, '201412-00146', 'C46', '1024px', '245px', '2014-12-18 05:03:44'),
(329, '201412-00147', 'C45', '1024px', '214px', '2014-12-18 05:03:44'),
(330, '201412-00148', 'pending', NULL, NULL, '2014-12-18 05:04:25'),
(331, '201412-00148', 'C44', '993px', '245px', '2014-12-18 05:04:29'),
(332, '201412-00149', 'pending', NULL, NULL, '2014-12-18 05:04:55'),
(333, '201412-00149', 'C43', '993px', '214px', '2014-12-18 05:05:00'),
(334, '201412-00150', 'pending', NULL, NULL, '2014-12-18 05:05:32'),
(335, '201412-00150', 'C42', '962px', '245px', '2014-12-18 05:05:36'),
(336, '201412-00151', 'pending', NULL, NULL, '2014-12-18 05:07:22'),
(337, '201412-00151', 'C41', '962px', '214px', '2014-12-18 05:07:26'),
(338, '201412-00152', 'pending', NULL, NULL, '2014-12-18 05:08:54'),
(339, '201412-00152', 'C5C', '1117px', '152px', '2014-12-18 05:08:59'),
(340, '201412-00153', 'pending', NULL, NULL, '2014-12-18 05:10:10'),
(341, '201412-00153', 'C5B', '1117px', '121px', '2014-12-18 05:10:14'),
(342, '201412-00154', 'pending', NULL, NULL, '2014-12-18 05:14:05'),
(343, '201412-00154', 'C5A', '1086px', '152px', '2014-12-18 05:14:09'),
(344, '201412-00155', 'pending', NULL, NULL, '2014-12-18 05:15:06'),
(345, '201412-00155', 'C59', '1086px', '121px', '2014-12-18 05:15:21'),
(346, '201412-00156', 'pending', NULL, NULL, '2014-12-18 05:16:33'),
(347, '201412-00156', 'C58', '1055px', '152px', '2014-12-18 05:16:38'),
(348, '201412-00157', 'pending', NULL, NULL, '2014-12-18 05:17:15'),
(349, '201412-00157', 'C57', '1055px', '121px', '2014-12-18 05:17:19'),
(350, '201412-00158', 'pending', NULL, NULL, '2014-12-18 05:17:48'),
(351, '201412-00158', 'C56', '1024px', '152px', '2014-12-18 05:17:53'),
(352, '201412-00159', 'pending', NULL, NULL, '2014-12-18 05:18:19'),
(353, '201412-00159', 'C55', '1024px', '121px', '2014-12-18 05:18:23'),
(354, '201412-00160', 'pending', NULL, NULL, '2014-12-18 05:18:50'),
(355, '201412-00160', 'C54', '993px', '152px', '2014-12-18 05:18:54'),
(356, '201412-00161', 'pending', NULL, NULL, '2014-12-18 05:19:22'),
(357, '201412-00161', 'C53', '993px', '121px', '2014-12-18 05:19:26'),
(358, '201412-00162', 'pending', NULL, NULL, '2014-12-18 05:19:58'),
(359, '201412-00162', 'X3M', '1156px', '59px', '2014-12-18 05:20:02'),
(360, '201412-00163', 'pending', NULL, NULL, '2014-12-18 05:21:19'),
(361, '201412-00164', 'pending', NULL, NULL, '2014-12-18 05:23:28'),
(362, '201412-00165', 'pending', NULL, NULL, '2014-12-18 05:24:12'),
(363, '201412-00166', 'pending', NULL, NULL, '2014-12-18 05:24:39'),
(364, '201412-00165', 'C68', '1055px', '59px', '2014-12-18 05:26:51'),
(365, '201412-00162', 'C6C', '1117px', '59px', '2014-12-18 05:27:27'),
(366, '201412-00163', 'C6A', '1086px', '59px', '2014-12-18 05:27:27'),
(367, '201412-00164', 'C69', '1086px', '28px', '2014-12-18 05:27:27'),
(368, '201412-00166', 'C67', '1055px', '28px', '2014-12-18 05:27:27'),
(369, '201412-00167', 'pending', NULL, NULL, '2014-12-18 05:28:53'),
(370, '201412-00167', 'C66', '1024px', '59px', '2014-12-18 05:29:02'),
(371, '201412-00168', 'pending', NULL, NULL, '2014-12-18 05:29:57'),
(372, '201412-00168', 'C65', '1024px', '28px', '2014-12-18 05:30:06'),
(373, '201412-00169', 'pending', NULL, NULL, '2014-12-18 05:31:07'),
(374, '201412-00169', 'C64', '993px', '59px', '2014-12-18 05:31:16'),
(375, '201412-00170', 'pending', NULL, NULL, '2014-12-18 05:32:37'),
(376, '201412-00170', 'C63', '993px', '28px', '2014-12-18 05:32:47'),
(377, '201412-00171', 'pending', NULL, NULL, '2014-12-18 05:34:31'),
(378, '201412-00171', 'C62', '962px', '59px', '2014-12-18 05:34:40'),
(379, '201412-00172', 'pending', NULL, NULL, '2014-12-18 05:36:02'),
(380, '201412-00172', 'C61', '962px', '28px', '2014-12-18 05:36:10'),
(381, '201412-00173', 'pending', NULL, NULL, '2014-12-18 05:38:12'),
(382, '201412-00174', 'pending', NULL, NULL, '2014-12-18 05:39:05'),
(383, '201412-00173', 'B1E', '853px', '524px', '2014-12-18 05:39:15'),
(384, '201412-00174', 'B1D', '853px', '493px', '2014-12-18 05:39:21'),
(385, '201412-00175', 'pending', NULL, NULL, '2014-12-18 05:40:22'),
(386, '201412-00176', 'pending', NULL, NULL, '2014-12-18 05:40:54'),
(387, '201412-00175', 'B1C', '822px', '524px', '2014-12-18 05:41:02'),
(388, '201412-00176', 'B1B', '822px', '493px', '2014-12-18 05:41:07'),
(389, '201412-00177', 'pending', NULL, NULL, '2014-12-18 05:41:43'),
(390, '201412-00178', 'pending', NULL, NULL, '2014-12-18 05:42:31'),
(391, '201412-00177', 'B1A', '791px', '524px', '2014-12-18 05:42:39'),
(392, '201412-00178', 'B19', '791px', '493px', '2014-12-18 05:42:45'),
(393, '201412-00179', 'pending', NULL, NULL, '2014-12-18 05:43:37'),
(394, '201412-00180', 'pending', NULL, NULL, '2014-12-18 05:44:25'),
(395, '201412-00179', 'B18', '760px', '524px', '2014-12-18 05:44:30'),
(396, '201412-00180', 'B17', '760px', '493px', '2014-12-18 05:44:34'),
(397, '201412-00181', 'pending', NULL, NULL, '2014-12-18 05:45:45'),
(398, '201412-00181', 'B16', '729px', '524px', '2014-12-18 05:45:59'),
(399, '201412-00182', 'pending', NULL, NULL, '2014-12-18 05:47:12'),
(400, '201412-00182', 'B15', '729px', '493px', '2014-12-18 05:47:20'),
(401, '201412-00183', 'pending', NULL, NULL, '2014-12-18 05:48:58'),
(402, '201412-00183', 'B14', '698px', '524px', '2014-12-18 05:49:05'),
(403, '201412-00184', 'pending', NULL, NULL, '2014-12-18 05:49:56'),
(404, '201412-00184', 'B13', '698px', '493px', '2014-12-18 05:50:03'),
(405, '201412-00185', 'pending', NULL, NULL, '2014-12-18 05:51:36'),
(406, '201412-00185', 'B12', '667px', '524px', '2014-12-18 05:52:12'),
(407, '201412-00186', 'pending', NULL, NULL, '2014-12-18 05:53:55'),
(408, '201412-00186', 'B11', '667px', '493px', '2014-12-18 05:54:03'),
(409, '201412-00187', 'pending', NULL, NULL, '2014-12-18 05:55:36'),
(410, '201412-00187', 'B2E', '853px', '431px', '2014-12-18 05:55:58'),
(411, '201412-00188', 'pending', NULL, NULL, '2014-12-18 05:57:40'),
(412, '201412-00188', 'B2C', '822px', '431px', '2014-12-18 05:58:01'),
(413, '201412-00189', 'pending', NULL, NULL, '2014-12-18 05:59:04'),
(414, '201412-00189', 'B2A', '791px', '431px', '2014-12-18 05:59:20'),
(415, '201412-00190', 'pending', NULL, NULL, '2014-12-18 06:00:01'),
(416, '201412-00190', 'B29', '791px', '400px', '2014-12-18 06:00:08'),
(417, '201412-00191', 'pending', NULL, NULL, '2014-12-18 06:01:12'),
(418, '201412-00191', 'B28', '760px', '431px', '2014-12-18 06:01:18'),
(419, '201412-00192', 'pending', NULL, NULL, '2014-12-18 06:02:01'),
(420, '201412-00192', 'B27', '760px', '400px', '2014-12-18 06:02:10'),
(421, '201412-00193', 'pending', NULL, NULL, '2014-12-18 06:03:09'),
(422, '201412-00194', 'pending', NULL, NULL, '2014-12-18 06:03:49'),
(423, '201412-00193', 'B26', '729px', '431px', '2014-12-18 06:03:55'),
(424, '201412-00194', 'B25', '729px', '400px', '2014-12-18 06:04:00'),
(425, '201412-00195', 'pending', NULL, NULL, '2014-12-18 06:07:25'),
(426, '201412-00195', 'B24', '698px', '431px', '2014-12-18 06:07:33'),
(427, '201412-00196', 'pending', NULL, NULL, '2014-12-18 06:08:58'),
(428, '201412-00196', 'B23', '698px', '400px', '2014-12-18 06:09:10'),
(429, '201412-00197', 'pending', NULL, NULL, '2014-12-18 06:10:32'),
(430, '201412-00197', 'B22', '667px', '431px', '2014-12-18 06:10:38'),
(431, '201412-00198', 'pending', NULL, NULL, '2014-12-18 06:11:04'),
(432, '201412-00198', 'B21', '667px', '400px', '2014-12-18 06:11:09'),
(433, '201412-00199', 'pending', NULL, NULL, '2014-12-18 06:19:41'),
(434, '201412-00199', 'B4E', '853px', '245px', '2014-12-18 06:19:47'),
(435, '201412-00200', 'pending', NULL, NULL, '2014-12-18 06:21:07'),
(436, '201412-00200', 'B4D', '853px', '214px', '2014-12-18 06:21:13'),
(437, '201412-00201', 'pending', NULL, NULL, '2014-12-18 06:23:33'),
(438, '201412-00201', 'B4C', '822px', '245px', '2014-12-18 06:23:53'),
(439, '201412-00202', 'pending', NULL, NULL, '2014-12-18 06:25:27'),
(440, '201412-00202', 'B4B', '822px', '214px', '2014-12-18 06:25:35'),
(441, '201412-00203', 'pending', NULL, NULL, '2014-12-18 06:26:42'),
(442, '201412-00203', 'B4A', '791px', '245px', '2014-12-18 06:26:48'),
(443, '201412-00204', 'pending', NULL, NULL, '2014-12-18 06:27:51'),
(444, '201412-00204', 'B49', '791px', '214px', '2014-12-18 06:27:57'),
(445, '201412-00205', 'pending', NULL, NULL, '2014-12-18 06:29:03'),
(446, '201412-00205', 'B48', '760px', '245px', '2014-12-18 06:29:09'),
(447, '201412-00206', 'pending', NULL, NULL, '2014-12-18 06:30:01'),
(448, '201412-00206', 'B47', '760px', '214px', '2014-12-18 06:30:07'),
(449, '201412-00207', 'pending', NULL, NULL, '2014-12-18 06:31:14'),
(450, '201412-00207', 'B46', '729px', '245px', '2014-12-18 06:31:20'),
(451, '201412-00208', 'pending', NULL, NULL, '2014-12-18 06:32:08'),
(452, '201412-00208', 'B45', '729px', '214px', '2014-12-18 06:32:14'),
(453, '201412-00209', 'pending', NULL, NULL, '2014-12-18 06:33:17'),
(454, '201412-00209', 'B44', '698px', '245px', '2014-12-18 06:33:22'),
(455, '201412-00210', 'pending', NULL, NULL, '2014-12-18 06:35:30'),
(456, '201412-00210', 'B43', '698px', '214px', '2014-12-18 06:35:37'),
(457, '201412-00211', 'pending', NULL, NULL, '2014-12-18 06:37:59'),
(458, '201412-00211', 'B32', '667px', '338px', '2014-12-18 06:38:06'),
(459, '201412-00212', 'pending', NULL, NULL, '2014-12-18 06:41:25'),
(460, '201412-00212', 'B31', '667px', '307px', '2014-12-18 06:41:34'),
(461, '201412-00213', 'pending', NULL, NULL, '2014-12-18 06:43:17'),
(462, '201412-00213', 'B5E', '822px', '152px', '2014-12-18 06:43:27'),
(463, '201412-00214', 'pending', NULL, NULL, '2014-12-18 06:45:01'),
(464, '201412-00214', 'B5A', '791px', '152px', '2014-12-18 06:45:12'),
(465, '201412-00215', 'pending', NULL, NULL, '2014-12-18 06:46:40'),
(466, '201412-00215', 'B59', '791px', '121px', '2014-12-18 06:46:48'),
(467, '201412-00216', 'pending', NULL, NULL, '2014-12-18 06:48:35'),
(468, '201412-00216', 'B58', '760px', '152px', '2014-12-18 06:48:42'),
(469, '201412-00217', 'pending', NULL, NULL, '2014-12-18 06:49:46'),
(470, '201412-00217', 'B57', '760px', '121px', '2014-12-18 06:50:07'),
(471, '201412-00218', 'pending', NULL, NULL, '2014-12-18 06:50:59'),
(472, '201412-00218', 'B56', '729px', '152px', '2014-12-18 06:51:07'),
(473, '201412-00219', 'pending', NULL, NULL, '2014-12-18 06:51:55'),
(474, '201412-00219', 'B55', '729px', '121px', '2014-12-18 06:52:02'),
(475, '201412-00220', 'pending', NULL, NULL, '2014-12-18 06:56:18'),
(476, '201412-00220', 'B54', '698px', '152px', '2014-12-18 06:56:28'),
(477, '201412-00221', 'pending', NULL, NULL, '2014-12-18 06:58:40'),
(478, '201412-00221', 'B53', '698px', '121px', '2014-12-18 06:58:49'),
(479, '201412-00222', 'pending', NULL, NULL, '2014-12-18 07:02:54'),
(480, '201412-00222', 'B6A', '791px', '59px', '2014-12-18 07:03:12'),
(481, '201412-00223', 'pending', NULL, NULL, '2014-12-18 07:05:24'),
(482, '201412-00223', 'B69', '791px', '28px', '2014-12-18 07:05:32'),
(483, '201412-00222', 'B68', '760px', '59px', '2014-12-18 07:06:00'),
(484, '201412-00223', 'B67', '760px', '28px', '2014-12-18 07:06:00'),
(485, '201412-00224', 'pending', NULL, NULL, '2014-12-18 07:08:32'),
(486, '201412-00224', 'B66', '729px', '59px', '2014-12-18 07:08:37'),
(487, '201412-00225', 'pending', NULL, NULL, '2014-12-18 07:09:42'),
(488, '201412-00225', 'B65', '729px', '28px', '2014-12-18 07:09:48'),
(489, '201412-00226', 'pending', NULL, NULL, '2014-12-18 07:12:33'),
(490, '201412-00226', 'B64', '698px', '59px', '2014-12-18 07:12:43'),
(491, '201412-00227', 'pending', NULL, NULL, '2014-12-18 07:14:43'),
(492, '201412-00227', 'B63', '698px', '28px', '2014-12-18 07:14:49'),
(493, '201412-00228', 'pending', NULL, NULL, '2014-12-18 07:18:12'),
(494, '201412-00228', 'B62', '667px', '59px', '2014-12-18 07:18:21'),
(495, '201412-00229', 'pending', NULL, NULL, '2014-12-18 07:20:26'),
(496, '201412-00229', 'B61', '667px', '28px', '2014-12-18 07:20:33'),
(497, '201412-00230', 'pending', NULL, NULL, '2014-12-18 07:25:22'),
(498, '201412-00230', 'A1C', '558px', '524px', '2014-12-18 07:25:37'),
(499, '201412-00231', 'pending', NULL, NULL, '2014-12-18 07:26:51'),
(500, '201412-00232', 'pending', NULL, NULL, '2014-12-18 07:30:07'),
(501, '201412-00232', 'A18', '496px', '524px', '2014-12-18 07:30:22'),
(502, '201412-00233', 'pending', NULL, NULL, '2014-12-18 07:33:24'),
(503, '201412-00233', 'A17', '496px', '493px', '2014-12-18 07:33:34'),
(504, '201412-00234', 'pending', NULL, NULL, '2014-12-18 07:36:41'),
(505, '201412-00234', 'A16', '465px', '524px', '2014-12-18 07:36:50'),
(506, '201412-00235', 'pending', NULL, NULL, '2014-12-18 07:37:33'),
(507, '201412-00235', 'A15', '465px', '493px', '2014-12-18 07:37:42'),
(508, '201412-00236', 'pending', NULL, NULL, '2014-12-18 07:39:48'),
(509, '201412-00236', 'A2C', '558px', '431px', '2014-12-18 07:40:01'),
(510, '201412-00237', 'pending', NULL, NULL, '2014-12-18 07:40:56'),
(511, '201412-00237', 'A2B', '558px', '400px', '2014-12-18 07:41:02'),
(512, '201412-00238', 'pending', NULL, NULL, '2014-12-18 07:41:59'),
(513, '201412-00238', 'A2A', '527px', '431px', '2014-12-18 07:42:08'),
(514, '201412-00239', 'pending', NULL, NULL, '2014-12-18 07:43:09'),
(515, '201412-00239', 'A29', '527px', '400px', '2014-12-18 07:43:18'),
(516, '201412-00240', 'pending', NULL, NULL, '2014-12-18 07:44:14'),
(517, '201412-00240', 'A28', '496px', '431px', '2014-12-18 07:44:21'),
(518, '201412-00241', 'pending', NULL, NULL, '2014-12-18 07:45:05'),
(519, '201412-00241', 'A27', '496px', '400px', '2014-12-18 07:45:12'),
(520, '201412-00242', 'pending', NULL, NULL, '2014-12-18 07:46:13'),
(521, '201412-00242', 'A26', '465px', '431px', '2014-12-18 07:46:23'),
(522, '201412-00243', 'pending', NULL, NULL, '2014-12-18 07:47:10'),
(523, '201412-00243', 'A25', '465px', '400px', '2014-12-18 07:47:17'),
(524, '201412-00244', 'pending', NULL, NULL, '2014-12-18 07:48:35'),
(525, '201412-00244', 'A24', '434px', '431px', '2014-12-18 07:48:46'),
(526, '201412-00245', 'pending', NULL, NULL, '2014-12-18 07:49:58'),
(527, '201412-00245', 'A23', '434px', '400px', '2014-12-18 07:50:06'),
(528, '201412-00088', 'pending', NULL, NULL, '2014-12-18 08:04:24'),
(529, '201412-00030', 'c3A', '1614px', '338px', '2014-12-18 08:11:44'),
(530, '201412-00019', 'c38', '1583px', '338px', '2014-12-18 08:11:44'),
(531, '201412-00020', 'c37', '1583px', '307px', '2014-12-18 08:11:44'),
(532, '201412-00075', 'c36', '1552px', '338px', '2014-12-18 08:11:44'),
(533, '201412-00074', 'c35', '1552px', '307px', '2014-12-18 08:11:44'),
(534, '201412-00057', 'c23', '1521px', '400px', '2014-12-18 08:11:44'),
(535, '201412-00077', 'c22', '1490px', '431px', '2014-12-18 08:11:44'),
(536, '201412-00076', 'c21', '1490px', '400px', '2014-12-18 08:11:44'),
(537, '201412-00079', 'c34', '1521px', '338px', '2014-12-18 08:11:44'),
(538, '201412-00246', 'pending', NULL, NULL, '2014-12-18 08:13:11'),
(539, '201412-00246', 'A1A', '527px', '524px', '2014-12-18 08:13:17'),
(540, '201412-00247', 'pending', NULL, NULL, '2014-12-18 08:13:49'),
(541, '201412-00247', 'A19', '527px', '493px', '2014-12-18 08:13:54'),
(542, '201412-00248', 'pending', NULL, NULL, '2014-12-18 08:15:51'),
(543, '201412-00248', 'A22', '403px', '431px', '2014-12-18 08:15:56'),
(544, '201412-00231', 'A1B', '558px', '493px', '2014-12-18 08:16:13'),
(545, '201412-00249', 'pending', NULL, NULL, '2014-12-18 08:16:49'),
(546, '201412-00249', 'A21', '403px', '400px', '2014-12-18 08:16:54'),
(547, '201412-00250', 'pending', NULL, NULL, '2014-12-18 08:17:59'),
(548, '201412-00251', 'pending', NULL, NULL, '2014-12-18 08:18:25'),
(549, '201412-00250', 'A3C', '558px', '338px', '2014-12-18 08:18:30'),
(550, '201412-00251', 'A3B', '558px', '307px', '2014-12-18 08:18:33'),
(551, '201412-00252', 'pending', NULL, NULL, '2014-12-18 08:19:48'),
(552, '201412-00253', 'pending', NULL, NULL, '2014-12-18 08:20:45'),
(553, '201412-00252', 'A3A', '527px', '338px', '2014-12-18 08:20:52'),
(554, '201412-00253', 'A39', '527px', '307px', '2014-12-18 08:21:14'),
(555, '201412-00254', 'pending', NULL, NULL, '2014-12-18 08:25:02'),
(556, '201412-00254', 'A38', '496px', '338px', '2014-12-18 08:25:30'),
(557, '201412-00255', 'pending', NULL, NULL, '2014-12-18 08:26:46'),
(558, '201412-00255', 'A37', '496px', '307px', '2014-12-18 08:26:52'),
(559, '201412-00256', 'pending', NULL, NULL, '2014-12-18 08:27:50'),
(560, '201412-00256', 'A36', '465px', '338px', '2014-12-18 08:27:58'),
(561, '201412-00257', 'pending', NULL, NULL, '2014-12-18 08:28:37'),
(562, '201412-00257', 'A35', '465px', '307px', '2014-12-18 08:28:44'),
(563, '201412-00258', 'pending', NULL, NULL, '2014-12-18 08:29:44'),
(564, '201412-00258', 'A34', '434px', '338px', '2014-12-18 08:29:51'),
(565, '201412-00259', 'pending', NULL, NULL, '2014-12-18 08:30:28'),
(566, '201412-00259', 'A32', '403px', '338px', '2014-12-18 08:30:34'),
(567, '201412-00259', 'A33', '434px', '307px', '2014-12-18 08:31:36'),
(568, '201412-00260', 'pending', NULL, NULL, '2014-12-18 08:34:41'),
(569, '201412-00260', 'A4A', '527px', '245px', '2014-12-18 08:34:49'),
(570, '201412-00261', 'pending', NULL, NULL, '2014-12-18 08:35:54'),
(571, '201412-00261', 'A48', '496px', '245px', '2014-12-18 08:36:13'),
(572, '201412-00262', 'pending', NULL, NULL, '2014-12-18 08:37:20'),
(573, '201412-00263', 'pending', NULL, NULL, '2014-12-18 08:38:13'),
(574, '201412-00264', 'pending', NULL, NULL, '2014-12-18 08:39:14'),
(575, '201412-00265', 'pending', NULL, NULL, '2014-12-18 08:40:07'),
(576, '201412-00266', 'pending', NULL, NULL, '2014-12-18 08:41:24'),
(577, '201412-00267', 'pending', NULL, NULL, '2014-12-18 08:42:12'),
(578, '201412-00268', 'pending', NULL, NULL, '2014-12-18 08:43:42'),
(579, '201412-00269', 'pending', NULL, NULL, '2014-12-18 08:51:14'),
(580, '201412-00270', 'pending', NULL, NULL, '2014-12-18 08:52:11'),
(581, '201412-00271', 'pending', NULL, NULL, '2014-12-18 08:53:06'),
(582, '201412-00272', 'pending', NULL, NULL, '2014-12-18 08:54:03'),
(583, '201412-00273', 'pending', NULL, NULL, '2014-12-18 08:55:01'),
(584, '201412-00274', 'pending', NULL, NULL, '2014-12-18 08:55:43'),
(585, '201412-00275', 'pending', NULL, NULL, '2014-12-18 08:57:14'),
(586, '201412-00276', 'pending', NULL, NULL, '2014-12-18 08:57:59'),
(587, '201412-00277', 'pending', NULL, NULL, '2014-12-18 08:58:54'),
(588, '201412-00278', 'pending', NULL, NULL, '2014-12-18 08:59:32'),
(589, '201412-00279', 'pending', NULL, NULL, '2014-12-18 09:00:26'),
(590, '201412-00280', 'pending', NULL, NULL, '2014-12-18 09:01:13'),
(591, '201412-00281', 'pending', NULL, NULL, '2014-12-18 09:02:06'),
(592, '201412-00282', 'pending', NULL, NULL, '2014-12-18 09:02:49'),
(593, '201412-00283', 'pending', NULL, NULL, '2014-12-18 09:04:13'),
(594, '201412-00284', 'pending', NULL, NULL, '2014-12-18 09:04:56'),
(595, '201412-00285', 'pending', NULL, NULL, '2014-12-18 09:06:02'),
(596, '201412-00286', 'pending', NULL, NULL, '2014-12-18 09:06:44'),
(597, '201412-00287', 'pending', NULL, NULL, '2014-12-18 09:09:51'),
(598, '201412-00288', 'pending', NULL, NULL, '2014-12-18 09:10:43'),
(599, '201412-00289', 'pending', NULL, NULL, '2014-12-18 09:12:06'),
(600, '201412-00290', 'pending', NULL, NULL, '2014-12-18 09:13:03'),
(601, '201412-00291', 'pending', NULL, NULL, '2014-12-18 09:13:48'),
(602, '201412-00292', 'pending', NULL, NULL, '2014-12-18 09:15:24'),
(603, '201412-00293', 'pending', NULL, NULL, '2014-12-18 09:17:25'),
(604, '201412-00294', 'pending', NULL, NULL, '2014-12-18 09:33:20'),
(605, '201412-00295', 'pending', NULL, NULL, '2014-12-18 09:34:31'),
(606, '201412-00296', 'pending', NULL, NULL, '2014-12-18 09:35:19'),
(607, '201412-00297', 'pending', NULL, NULL, '2014-12-18 09:36:23'),
(608, '201412-00298', 'pending', NULL, NULL, '2014-12-18 09:37:08'),
(609, '201412-00299', 'pending', NULL, NULL, '2014-12-18 09:38:15'),
(610, '201412-00300', 'pending', NULL, NULL, '2014-12-18 09:39:02'),
(611, '201412-00301', 'pending', NULL, NULL, '2014-12-18 09:39:51'),
(612, '201412-00302', 'pending', NULL, NULL, '2014-12-18 09:40:44'),
(613, '201412-00303', 'pending', NULL, NULL, '2014-12-18 09:43:02'),
(614, '201412-00304', 'pending', NULL, NULL, '2014-12-18 09:43:41'),
(615, '201412-00305', 'pending', NULL, NULL, '2014-12-18 09:44:26'),
(616, '201412-00306', 'pending', NULL, NULL, '2014-12-18 09:45:10'),
(617, '201412-00307', 'pending', NULL, NULL, '2014-12-18 09:45:58'),
(618, '201412-00308', 'pending', NULL, NULL, '2014-12-18 09:46:35'),
(619, '201412-00309', 'pending', NULL, NULL, '2014-12-18 09:47:26'),
(620, '201412-00310', 'pending', NULL, NULL, '2014-12-18 09:48:00'),
(621, '201412-00311', 'pending', NULL, NULL, '2014-12-18 09:49:00'),
(622, '201412-00312', 'pending', NULL, NULL, '2014-12-18 09:49:49'),
(623, '201412-00313', 'pending', NULL, NULL, '2014-12-18 09:50:50'),
(624, '201412-00279', 'A6C', '558px', '59px', '2014-12-18 09:54:25'),
(625, '201412-00280', 'A6B', '558px', '28px', '2014-12-18 09:54:32'),
(626, '201412-00314', 'pending', NULL, NULL, '2014-12-18 10:13:36'),
(627, '201412-00315', 'pending', NULL, NULL, '2014-12-18 10:14:43'),
(628, '201412-00316', 'pending', NULL, NULL, '2014-12-18 10:15:26'),
(629, '201412-00317', 'pending', NULL, NULL, '2014-12-18 10:16:46'),
(630, '201412-00318', 'pending', NULL, NULL, '2014-12-18 10:17:36'),
(631, '201412-00319', 'pending', NULL, NULL, '2014-12-18 10:18:28'),
(632, '201412-00320', 'pending', NULL, NULL, '2014-12-18 10:19:15'),
(633, '201412-00321', 'pending', NULL, NULL, '2014-12-18 10:20:02'),
(634, '201412-00322', 'pending', NULL, NULL, '2014-12-18 10:20:45'),
(635, '201412-00323', 'pending', NULL, NULL, '2014-12-18 10:21:38'),
(636, '201412-00324', 'pending', NULL, NULL, '2014-12-18 10:22:24'),
(637, '201412-00325', 'pending', NULL, NULL, '2014-12-18 10:23:22'),
(638, '201412-00326', 'pending', NULL, NULL, '2014-12-18 10:24:01'),
(639, '201412-00327', 'pending', NULL, NULL, '2014-12-18 10:24:56'),
(640, '201412-00328', 'pending', NULL, NULL, '2014-12-18 10:25:44'),
(641, '201412-00329', 'pending', NULL, NULL, '2014-12-18 10:26:35'),
(642, '201412-00330', 'pending', NULL, NULL, '2014-12-18 10:27:21'),
(643, '201412-00331', 'pending', NULL, NULL, '2014-12-18 10:31:48'),
(644, '201412-00332', 'pending', NULL, NULL, '2014-12-18 10:33:42'),
(645, '201412-00333', 'pending', NULL, NULL, '2014-12-18 10:37:03'),
(646, '201412-00334', 'pending', NULL, NULL, '2014-12-18 10:37:55'),
(647, '201412-00335', 'pending', NULL, NULL, '2014-12-18 10:40:35'),
(648, '201412-00336', 'pending', NULL, NULL, '2014-12-18 10:41:33'),
(649, '201412-00337', 'pending', NULL, NULL, '2014-12-18 10:42:35'),
(650, '201412-00338', 'pending', NULL, NULL, '2014-12-18 10:43:08'),
(651, '201412-00339', 'pending', NULL, NULL, '2014-12-18 10:44:23'),
(652, '201412-00281', 'A6A', '527px', '59px', '2014-12-18 10:49:38'),
(653, '201412-00282', 'A69', '527px', '28px', '2014-12-18 10:49:38'),
(654, '201412-00283', 'A68', '496px', '59px', '2014-12-18 10:49:38'),
(655, '201412-00284', 'A67', '496px', '28px', '2014-12-18 10:49:38'),
(656, '201412-00285', 'A66', '465px', '59px', '2014-12-18 10:49:38'),
(657, '201412-00286', 'A65', '465px', '28px', '2014-12-18 10:49:38'),
(658, '201412-00269', 'A5C', '558px', '152px', '2014-12-18 10:49:38'),
(659, '201412-00270', 'A5B', '558px', '121px', '2014-12-18 10:49:38'),
(660, '201412-00271', 'A5A', '527px', '152px', '2014-12-18 10:49:39'),
(661, '201412-00273', 'A58', '496px', '152px', '2014-12-18 10:49:39'),
(662, '201412-00274', 'A57', '496px', '121px', '2014-12-18 10:49:39'),
(663, '201412-00268', 'A52', '403px', '152px', '2014-12-18 10:49:39'),
(664, '201412-00272', 'A59', '527px', '121px', '2014-12-18 10:49:39'),
(665, '201412-00275', 'A56', '465px', '152px', '2014-12-18 10:49:39'),
(666, '201412-00276', 'A55', '465px', '121px', '2014-12-18 10:49:39'),
(667, '201412-00277', 'A54', '434px', '152px', '2014-12-18 10:49:39'),
(668, '201412-00278', 'A53', '434px', '121px', '2014-12-18 10:49:39'),
(669, '201412-00262', 'A46', '465px', '245px', '2014-12-18 10:49:40'),
(670, '201412-00294', 'A45', '465px', '214px', '2014-12-18 10:49:40'),
(671, '201412-00264', 'A44', '434px', '245px', '2014-12-18 10:49:40'),
(672, '201412-00265', 'A43', '434px', '214px', '2014-12-18 10:49:40'),
(673, '201412-00266', 'A42', '403px', '245px', '2014-12-18 10:49:40'),
(674, '201412-00267', 'A41', '403px', '214px', '2014-12-18 10:49:40'),
(675, '201412-00287', 'O1A', '265px', '524px', '2014-12-18 10:49:40'),
(676, '201412-00288', 'O18', '234px', '524px', '2014-12-18 10:49:40'),
(677, '201412-00289', 'O17', '234px', '493px', '2014-12-18 10:49:40'),
(678, '201412-00290', 'O16', '203px', '524px', '2014-12-18 10:49:41'),
(679, '201412-00291', 'O15', '203px', '493px', '2014-12-18 10:49:41'),
(680, '201412-00292', 'O14', '172px', '524px', '2014-12-18 10:49:41'),
(681, '201412-00293', 'O13', '172px', '493px', '2014-12-18 10:49:41'),
(682, '201412-00295', 'O26', '203px', '431px', '2014-12-18 10:49:41'),
(683, '201412-00296', 'O25', '203px', '400px', '2014-12-18 10:49:41'),
(684, '201412-00297', 'O24', '172px', '431px', '2014-12-18 10:49:41'),
(685, '201412-00298', 'O23', '172px', '400px', '2014-12-18 10:49:41'),
(686, '201412-00299', 'O22', '141px', '431px', '2014-12-18 10:49:41'),
(687, '201412-00300', 'O21', '141px', '400px', '2014-12-18 10:49:42'),
(688, '201412-00301', 'O3A', '265px', '338px', '2014-12-18 10:49:42'),
(689, '201412-00302', 'O39', '265px', '307px', '2014-12-18 10:49:42'),
(690, '201412-00303', 'O38', '234px', '338px', '2014-12-18 10:49:42'),
(691, '201412-00304', 'O37', '234px', '307px', '2014-12-18 10:49:42'),
(692, '201412-00305', 'O36', '203px', '338px', '2014-12-18 10:49:42'),
(693, '201412-00306', 'O35', '203px', '307px', '2014-12-18 10:49:42'),
(694, '201412-00307', 'O34', '172px', '338px', '2014-12-18 10:49:42'),
(695, '201412-00308', 'O33', '172px', '307px', '2014-12-18 10:49:42'),
(696, '201412-00309', 'O32', '141px', '338px', '2014-12-18 10:49:42'),
(697, '201412-00310', 'O31', '141px', '307px', '2014-12-18 10:49:43'),
(698, '201412-00311', 'O4A', '265px', '245px', '2014-12-18 10:49:43'),
(699, '201412-00312', 'O49', '265px', '214px', '2014-12-18 10:49:43'),
(700, '201412-00313', 'O48', '234px', '245px', '2014-12-18 10:49:43'),
(701, '201412-00263', 'A47', '496px', '214px', '2014-12-18 10:49:43'),
(702, '201412-00314', 'O47', '234px', '214px', '2014-12-18 10:49:43'),
(703, '201412-00315', 'O46', '203px', '245px', '2014-12-18 10:49:43'),
(704, '201412-00316', 'O45', '200px', '214px', '2014-12-18 10:49:43'),
(705, '201412-00317', 'O44', '172px', '245px', '2014-12-18 10:49:43'),
(706, '201412-00318', 'O43', '172px', '214px', '2014-12-18 10:49:43'),
(707, '201412-00319', 'O42', '141px', '245px', '2014-12-18 10:49:44'),
(708, '201412-00320', 'O41', '141px', '214px', '2014-12-18 10:49:44'),
(709, '201412-00321', 'O5A', '265px', '152px', '2014-12-18 10:49:44'),
(710, '201412-00322', 'O59', '265px', '121px', '2014-12-18 10:49:44'),
(711, '201412-00323', 'O58', '234px', '152px', '2014-12-18 10:49:44'),
(712, '201412-00324', 'O57', '234px', '121px', '2014-12-18 10:49:44'),
(713, '201412-00325', 'O56', '203px', '152px', '2014-12-18 10:49:44'),
(714, '201412-00326', 'O55', '203px', '121px', '2014-12-18 10:49:44'),
(715, '201412-00327', 'O54', '172px', '152px', '2014-12-18 10:49:44'),
(716, '201412-00328', 'O53', '172px', '121px', '2014-12-18 10:49:44'),
(717, '201412-00329', 'O52', '141px', '152px', '2014-12-18 10:49:45'),
(718, '201412-00330', 'O51', '141px', '121px', '2014-12-18 10:49:45'),
(719, '201412-00331', 'O64', '172px', '59px', '2014-12-18 10:49:45'),
(720, '201412-00333', 'O62', '141px', '59px', '2014-12-18 10:49:45'),
(721, '201412-00334', 'O61', '141px', '28px', '2014-12-18 10:49:45'),
(722, '201412-00335', 'O6C', '296px', '59px', '2014-12-18 10:49:45'),
(723, '201412-00336', 'O6A', '265px', '59px', '2014-12-18 10:49:45'),
(724, '201412-00337', 'O68', '234px', '59px', '2014-12-18 10:49:45'),
(725, '201412-00338', 'O67', '234px', '28px', '2014-12-18 10:49:45'),
(726, '201412-00339', 'O66', '203px', '59px', '2014-12-18 10:49:45'),
(727, '201412-00153', 'D54', '1257px', '152px', '2014-12-18 23:28:36'),
(728, '201412-00152', 'D53', '1257px', '121px', '2014-12-18 23:28:36'),
(729, '201412-00340', 'pending', NULL, NULL, '2014-12-18 23:32:40'),
(730, '201412-00340', 'CSC', '668px', '800px', '2014-12-18 23:32:58'),
(731, '201412-00341', 'pending', NULL, NULL, '2014-12-18 23:37:28'),
(732, '201412-00341', 'CS6', '854px', '800px', '2014-12-18 23:37:45'),
(733, '201412-00342', 'pending', NULL, NULL, '2014-12-18 23:43:49');
INSERT INTO `tcard_position` (`tp_id`, `tc_id`, `tp_position`, `tp_left`, `tp_top`, `tp_timestamp`) VALUES
(734, '201412-00342', 'CSA', '730px', '800px', '2014-12-18 23:45:25'),
(735, '201412-00343', 'pending', NULL, NULL, '2014-12-18 23:51:17'),
(736, '201412-00343', 'CS8', '792px', '800px', '2014-12-18 23:51:48'),
(737, '201412-00344', 'pending', NULL, NULL, '2014-12-18 23:55:26'),
(738, '201412-00344', 'D14', '1257px', '524px', '2014-12-18 23:55:44'),
(739, '201412-00345', 'pending', NULL, NULL, '2014-12-18 23:56:25'),
(740, '201412-00345', 'D13', '1257px', '493px', '2014-12-18 23:56:31'),
(741, '201412-00346', 'pending', NULL, NULL, '2014-12-18 23:57:53'),
(742, '201412-00346', 'C2A', '1086px', '431px', '2014-12-18 23:58:04'),
(743, '201412-00347', 'pending', NULL, NULL, '2014-12-18 23:59:37'),
(744, '201412-00347', '1A', '1195px', '955px', '2014-12-18 23:59:45'),
(745, '201412-00348', 'pending', NULL, NULL, '2014-12-19 00:00:25'),
(746, '201412-00348', '19', '1195px', '924px', '2014-12-19 00:00:31'),
(747, '201412-00349', 'pending', NULL, NULL, '2014-12-19 00:03:40'),
(748, '201412-00349', 'c29', '1614px', '400px', '2014-12-19 00:03:56'),
(749, '201412-00350', 'pending', NULL, NULL, '2014-12-19 00:10:27'),
(750, '201412-00350', '26', '1164px', '831px', '2014-12-19 00:10:51'),
(751, '201412-00351', 'pending', NULL, NULL, '2014-12-19 00:19:13'),
(752, '201412-00351', 'D4B', '1381px', '214px', '2014-12-19 00:33:34'),
(753, '201412-00352', 'pending', NULL, NULL, '2014-12-19 00:42:33'),
(754, '201412-00352', 'R1M', '1319px', '662px', '2014-12-19 00:43:06'),
(755, '201412-00353', 'pending', NULL, NULL, '2014-12-19 00:47:11'),
(756, '201412-00353', 'R1L', '1319px', '631px', '2014-12-19 00:47:24'),
(757, '201412-00354', 'pending', NULL, NULL, '2014-12-19 00:56:50'),
(758, '201412-00354', '52', '1071px', '707px', '2014-12-19 00:57:15'),
(759, '201412-00355', 'pending', NULL, NULL, '2014-12-19 00:58:00'),
(760, '201412-00355', '42', '1102px', '707px', '2014-12-19 00:58:07'),
(761, '201412-00354', 'CSD', '668px', '769px', '2014-12-19 00:59:55'),
(762, '201412-00355', 'CSE', '699px', '769px', '2014-12-19 00:59:55'),
(763, '201412-00356', 'pending', NULL, NULL, '2014-12-19 01:08:04'),
(764, '201412-00356', 'G6', '1474px', '831px', '2014-12-19 01:08:16'),
(765, '201412-00357', 'pending', NULL, NULL, '2014-12-19 01:10:01'),
(766, '201412-00357', 'G5', '1505px', '831px', '2014-12-19 01:10:09'),
(767, '201412-00358', 'pending', NULL, NULL, '2014-12-19 01:11:22'),
(768, '201412-00358', 'G7', '1443px', '831px', '2014-12-19 01:11:29'),
(769, '201412-00359', 'pending', NULL, NULL, '2014-12-19 01:12:23'),
(770, '201412-00359', 'G8', '1412px', '831px', '2014-12-19 01:12:38'),
(771, '201412-00360', 'pending', NULL, NULL, '2014-12-19 01:14:00'),
(772, '201412-00360', 'G9', '1381px', '831px', '2014-12-19 01:14:08'),
(773, '201412-00361', 'pending', NULL, NULL, '2014-12-19 01:15:38'),
(774, '201412-00361', 'G1A', '1350px', '831px', '2014-12-19 01:15:45'),
(775, '201412-00362', 'pending', NULL, NULL, '2014-12-19 01:19:09'),
(776, '201412-00362', 'G1B', '1319px', '831px', '2014-12-19 01:19:16'),
(777, '201412-00363', 'pending', NULL, NULL, '2014-12-19 01:20:04'),
(778, '201412-00363', 'G1C', '1288px', '831px', '2014-12-19 01:20:12'),
(779, '201412-00364', 'pending', NULL, NULL, '2014-12-19 01:22:39'),
(780, '201412-00364', 'G1', '1629px', '831px', '2014-12-19 01:22:49'),
(781, '201412-00365', 'pending', NULL, NULL, '2014-12-19 01:24:11'),
(782, '201412-00365', 'G2', '1598px', '831px', '2014-12-19 01:24:17'),
(783, '201412-00366', 'pending', NULL, NULL, '2014-12-19 01:26:17'),
(784, '201412-00366', 'G3', '1567px', '831px', '2014-12-19 01:26:25'),
(785, '201412-00367', 'pending', NULL, NULL, '2014-12-19 01:28:28'),
(786, '201412-00367', 'G4', '1536px', '831px', '2014-12-19 01:28:49'),
(787, '201412-00368', 'pending', NULL, NULL, '2014-12-19 01:34:22'),
(788, '201412-00368', 'MS4', '575px', '676px', '2014-12-19 01:34:37'),
(789, '201412-00369', 'pending', NULL, NULL, '2014-12-19 01:36:27'),
(790, '201412-00369', 'MS9', '420px', '676px', '2014-12-19 01:36:42'),
(791, '201412-00370', 'pending', NULL, NULL, '2014-12-19 01:38:38'),
(792, '201412-00370', 'MSA', '389px', '676px', '2014-12-19 01:38:47'),
(793, '201412-00371', 'pending', NULL, NULL, '2014-12-19 01:40:03'),
(794, '201412-00371', 'MSB', '358px', '676px', '2014-12-19 01:40:11'),
(795, '201412-00372', 'pending', NULL, NULL, '2014-12-19 01:41:18'),
(796, '201412-00373', 'pending', NULL, NULL, '2014-12-19 01:46:03'),
(797, '201412-00372', 'MSG', '203px', '676px', '2014-12-19 01:47:48'),
(798, '201412-00374', 'pending', NULL, NULL, '2014-12-19 01:48:47'),
(799, '201412-00374', 'MSH', '172px', '676px', '2014-12-19 01:48:54'),
(800, '201412-00375', 'pending', NULL, NULL, '2014-12-19 01:49:40'),
(801, '201412-00375', 'MSI', '141px', '676px', '2014-12-19 01:49:49'),
(802, '201412-00029', 'CS9', '761px', '800px', '2014-12-19 01:51:23'),
(803, '201412-00376', 'pending', NULL, NULL, '2014-12-19 01:57:28'),
(804, '201412-00332', 'O63', '172px', '28px', '2014-12-19 01:57:49'),
(805, '201412-00376', 'MS5', '544px', '676px', '2014-12-19 01:57:50'),
(806, '201412-00377', 'pending', NULL, NULL, '2014-12-19 02:00:25'),
(807, '201412-00377', 'MS1', '606px', '769px', '2014-12-19 02:00:35'),
(808, '201412-00378', 'pending', NULL, NULL, '2014-12-19 02:05:47'),
(809, '201412-00378', 'MS2', '606px', '738px', '2014-12-19 02:07:38'),
(810, '201412-00379', 'pending', NULL, NULL, '2014-12-19 02:10:40'),
(811, '201412-00379', 'MS3', '606px', '707px', '2014-12-19 02:10:49'),
(812, '201412-00380', 'pending', NULL, NULL, '2014-12-19 02:22:16'),
(813, '201412-00381', 'pending', NULL, NULL, '2014-12-19 02:23:48'),
(814, '201412-00382', 'pending', NULL, NULL, '2014-12-19 02:24:51'),
(815, '201412-00383', 'pending', NULL, NULL, '2014-12-19 02:28:20'),
(816, '201412-00384', 'pending', NULL, NULL, '2014-12-19 02:31:08'),
(817, '201412-00385', 'pending', NULL, NULL, '2014-12-19 02:32:03'),
(818, '201412-00386', 'pending', NULL, NULL, '2014-12-19 02:32:49'),
(819, '201412-00387', 'pending', NULL, NULL, '2014-12-19 02:33:51'),
(820, '201412-00388', 'pending', NULL, NULL, '2014-12-19 02:35:09'),
(821, '201412-00389', 'pending', NULL, NULL, '2014-12-19 02:37:06'),
(822, '201412-00390', 'pending', NULL, NULL, '2014-12-19 02:38:11'),
(823, '201412-00391', 'pending', NULL, NULL, '2014-12-19 02:38:58'),
(824, '201412-00392', 'pending', NULL, NULL, '2014-12-19 02:40:29'),
(825, '201412-00393', 'pending', NULL, NULL, '2014-12-19 02:41:51'),
(826, '201412-00348', 'CSF', '730px', '769px', '2014-12-19 02:42:40'),
(827, '201412-00347', 'CSK', '730px', '738px', '2014-12-19 02:42:40'),
(828, '201412-00380', '1A', '1195px', '955px', '2014-12-19 02:42:40'),
(829, '201412-00381', '19', '1195px', '924px', '2014-12-19 02:42:40'),
(830, '201412-00382', '18', '1195px', '893px', '2014-12-19 02:42:40'),
(831, '201412-00383', '17', '1195px', '862px', '2014-12-19 02:42:40'),
(832, '201412-00384', '16', '1195px', '831px', '2014-12-19 02:42:40'),
(833, '201412-00385', '15', '1195px', '800px', '2014-12-19 02:42:40'),
(834, '201412-00386', '14', '1195px', '769px', '2014-12-19 02:42:41'),
(835, '201412-00387', '13', '1195px', '738px', '2014-12-19 02:42:41'),
(836, '201412-00388', '2A', '1164px', '955px', '2014-12-19 02:42:41'),
(837, '201412-00389', '29', '1164px', '924px', '2014-12-19 02:42:41'),
(838, '201412-00390', '28', '1164px', '893px', '2014-12-19 02:42:41'),
(839, '201412-00391', '27', '1164px', '862px', '2014-12-19 02:42:41'),
(840, '201412-00392', '25', '1164px', '800px', '2014-12-19 02:42:41'),
(841, '201412-00393', '24', '1164px', '769px', '2014-12-19 02:42:41'),
(842, '201412-00220', 'MS8', '451px', '676px', '2014-12-19 02:43:10'),
(843, '201412-00394', 'pending', NULL, NULL, '2014-12-19 02:44:22'),
(844, '201412-00394', '23', '1164px', '738px', '2014-12-19 02:44:28'),
(845, '201412-00395', 'pending', NULL, NULL, '2014-12-19 02:45:37'),
(846, '201412-00395', '3A', '1133px', '955px', '2014-12-19 02:46:11'),
(847, '201412-00396', 'pending', NULL, NULL, '2014-12-19 02:47:22'),
(848, '201412-00396', '39', '1133px', '924px', '2014-12-19 02:47:29'),
(849, '201412-00397', 'pending', NULL, NULL, '2014-12-19 02:48:17'),
(850, '201412-00397', '38', '1133px', '893px', '2014-12-19 02:48:24'),
(851, '201412-00398', 'pending', NULL, NULL, '2014-12-19 02:50:30'),
(852, '201412-00398', '37', '1133px', '862px', '2014-12-19 02:50:35'),
(853, '201412-00399', 'pending', NULL, NULL, '2014-12-19 02:51:38'),
(854, '201412-00399', '36', '1133px', '831px', '2014-12-19 02:51:45'),
(855, '201412-00400', 'pending', NULL, NULL, '2014-12-19 02:52:34'),
(856, '201412-00400', '35', '1133px', '800px', '2014-12-19 02:52:40'),
(857, '201412-00401', 'pending', NULL, NULL, '2014-12-19 02:53:22'),
(858, '201412-00401', '34', '1133px', '769px', '2014-12-19 02:53:28'),
(859, '201412-00402', 'pending', NULL, NULL, '2014-12-19 02:54:04'),
(860, '201412-00402', '33', '1133px', '738px', '2014-12-19 02:54:10'),
(861, '201412-00403', 'pending', NULL, NULL, '2014-12-19 02:54:51'),
(862, '201412-00403', '32', '1133px', '707px', '2014-12-19 02:54:58'),
(863, '201412-00404', 'pending', NULL, NULL, '2014-12-19 02:56:16'),
(864, '201412-00404', '31', '1133px', '676px', '2014-12-19 02:56:27'),
(865, '201412-00405', 'pending', NULL, NULL, '2014-12-19 02:58:21'),
(866, '201412-00405', '4A', '1102px', '955px', '2014-12-19 02:58:30'),
(867, '201412-00406', 'pending', NULL, NULL, '2014-12-19 02:59:21'),
(868, '201412-00406', '49', '1102px', '924px', '2014-12-19 02:59:29'),
(869, '201412-00407', 'pending', NULL, NULL, '2014-12-19 03:00:30'),
(870, '201412-00407', '48', '1102px', '893px', '2014-12-19 03:00:35'),
(871, '201412-00408', 'pending', NULL, NULL, '2014-12-19 03:01:29'),
(872, '201412-00408', '5A', '1071px', '955px', '2014-12-19 03:01:38'),
(873, '201412-00409', 'pending', NULL, NULL, '2014-12-19 03:03:02'),
(874, '201412-00409', '59', '1071px', '924px', '2014-12-19 03:03:10'),
(875, '201412-00410', 'pending', NULL, NULL, '2014-12-19 03:03:51'),
(876, '201412-00410', '58', '1071px', '893px', '2014-12-19 03:03:59'),
(877, '201412-00411', 'pending', NULL, NULL, '2014-12-19 03:04:41'),
(878, '201412-00411', '57', '1071px', '862px', '2014-12-19 03:04:49'),
(879, '201412-00412', 'pending', NULL, NULL, '2014-12-19 03:05:27'),
(880, '201412-00412', '56', '1071px', '831px', '2014-12-19 03:05:32'),
(881, '201412-00413', 'pending', NULL, NULL, '2014-12-19 03:06:04'),
(882, '201412-00413', '55', '1071px', '800px', '2014-12-19 03:06:12'),
(883, '201412-00414', 'pending', NULL, NULL, '2014-12-19 03:06:59'),
(884, '201412-00414', '54', '1071px', '769px', '2014-12-19 03:07:04'),
(885, '201412-00415', 'pending', NULL, NULL, '2014-12-19 03:08:21'),
(886, '201412-00416', 'pending', NULL, NULL, '2014-12-19 03:09:25'),
(887, '201412-00416', '52', '1071px', '707px', '2014-12-19 03:09:32'),
(888, '201412-00417', 'pending', NULL, NULL, '2014-12-19 03:11:11'),
(889, '201412-00417', '51', '1071px', '676px', '2014-12-19 03:11:17'),
(890, '201412-00418', 'pending', NULL, NULL, '2014-12-19 03:16:29'),
(891, '201412-00419', 'pending', NULL, NULL, '2014-12-19 03:19:51'),
(892, '201412-00419', 'R1K', '1350px', '662px', '2014-12-19 03:19:58'),
(893, '201412-00420', 'pending', NULL, NULL, '2014-12-19 03:22:24'),
(894, '201412-00420', 'R1J', '1350px', '631px', '2014-12-19 03:22:35'),
(895, '201412-00421', 'pending', NULL, NULL, '2014-12-19 03:24:35'),
(896, '201412-00421', 'R1I', '1381px', '662px', '2014-12-19 03:24:41'),
(897, '201412-00422', 'pending', NULL, NULL, '2014-12-19 03:25:43'),
(898, '201412-00422', 'R1H', '1381px', '631px', '2014-12-19 03:25:50'),
(899, '201412-00423', 'pending', NULL, NULL, '2014-12-19 03:27:48'),
(900, '201412-00423', 'R1G', '1412px', '662px', '2014-12-19 03:27:53'),
(901, '201412-00418', 'R1O', '1288px', '662px', '2014-12-19 03:28:29'),
(902, '201412-00107', 'c32', '1490px', '338px', '2014-12-19 04:11:49'),
(903, '201412-00109', 'MS7', '482px', '676px', '2014-12-19 04:11:49'),
(904, '201412-00424', 'pending', NULL, NULL, '2014-12-19 05:04:50'),
(905, '201412-00417', '47', '1102px', '862px', '2014-12-19 05:05:04'),
(906, '201412-00416', '46', '1102px', '831px', '2014-12-19 05:05:04'),
(907, '201412-00415', '45', '1102px', '800px', '2014-12-19 05:05:04'),
(908, '201412-00424', 'CSB', '699px', '800px', '2014-12-19 05:05:04'),
(909, '201412-00141', 'pending', '', '', '2014-12-19 05:20:17'),
(910, '201412-00140', 'pending', '', '', '2014-12-19 05:20:29'),
(911, '201412-00172', 'C32', '962px', '338px', '2014-12-19 05:22:38'),
(912, '201412-00425', 'pending', NULL, NULL, '2014-12-19 05:34:46'),
(913, '201412-00425', 'B42', '667px', '245px', '2014-12-19 05:35:25'),
(914, '201412-00098', 'pending', '', '', '2014-12-19 05:44:04'),
(915, '201412-00108', 'c53', '1521px', '121px', '2014-12-19 05:44:37'),
(916, '201412-00111', 'c52', '1490px', '152px', '2014-12-19 05:44:49'),
(917, '201412-00426', 'pending', NULL, NULL, '2014-12-19 05:46:15'),
(918, '201412-00426', 'CSG', '761px', '769px', '2014-12-19 05:46:33'),
(919, '201412-00107', 'D28', '1319px', '431px', '2014-12-19 05:50:49'),
(920, '201412-00079', 'D27', '1319px', '400px', '2014-12-19 05:50:50'),
(921, '201412-00074', 'pending', '', '', '2014-12-19 05:54:34'),
(922, '201412-00075', 'pending', '', '', '2014-12-19 05:56:18'),
(923, '201412-00120', 'D35', '1288px', '307px', '2014-12-19 06:01:19'),
(924, '201412-00119', 'pending', '', '', '2014-12-19 06:01:46'),
(925, '201412-00200', 'C31', '962px', '307px', '2014-12-19 06:04:42'),
(926, '201412-00151', 'pending', '', '', '2014-12-19 06:09:04'),
(927, '201412-00427', 'pending', NULL, NULL, '2014-12-19 06:14:40'),
(928, '201412-00427', 'RM5', '358px', '862px', '2014-12-19 06:14:57'),
(929, '201412-00428', 'pending', NULL, NULL, '2014-12-19 06:16:21'),
(930, '201412-00428', 'RM6', '327px', '862px', '2014-12-19 06:16:29'),
(931, '201412-00429', 'pending', NULL, NULL, '2014-12-19 06:17:41'),
(932, '201412-00429', 'RM7', '296px', '862px', '2014-12-19 06:17:49'),
(933, '201412-00430', 'pending', NULL, NULL, '2014-12-19 06:19:08'),
(934, '201412-00430', 'RM8', '265px', '862px', '2014-12-19 06:19:15'),
(935, '201412-00431', 'pending', NULL, NULL, '2014-12-19 06:20:12'),
(936, '201412-00431', 'RM9', '234px', '862px', '2014-12-19 06:20:19'),
(937, '201412-00432', 'pending', NULL, NULL, '2014-12-19 06:21:27'),
(938, '201412-00432', 'RMK', '203px', '831px', '2014-12-19 06:21:34'),
(939, '201412-00432', 'RMA', '203px', '862px', '2014-12-19 06:21:48'),
(940, '201412-00433', 'pending', NULL, NULL, '2014-12-19 06:23:42'),
(941, '201412-00433', 'RMF', '48px', '862px', '2014-12-19 06:24:15'),
(942, '201412-00432', 'RME', '79px', '862px', '2014-12-19 06:24:50'),
(943, '201412-00431', 'RMD', '110px', '862px', '2014-12-19 06:24:50'),
(944, '201412-00430', 'RMC', '141px', '862px', '2014-12-19 06:24:50'),
(945, '201412-00429', 'RMB', '172px', '862px', '2014-12-19 06:24:50'),
(946, '201412-00428', 'RMA', '203px', '862px', '2014-12-19 06:24:51'),
(947, '201412-00427', 'RM9', '234px', '862px', '2014-12-19 06:24:51'),
(948, '201412-00143', 'C35', '1024px', '307px', '2014-12-19 06:29:59'),
(949, '201412-00142', 'C38', '1055px', '338px', '2014-12-19 06:29:59'),
(950, '201412-00145', 'C37', '1055px', '307px', '2014-12-19 06:33:37'),
(951, '201412-00144', 'C3A', '1086px', '338px', '2014-12-19 06:33:37'),
(952, '201412-00147', 'C39', '1086px', '307px', '2014-12-19 06:36:41'),
(953, '201412-00434', 'pending', NULL, NULL, '2014-12-19 06:42:20'),
(954, '201412-00434', 'C29', '1086px', '400px', '2014-12-19 06:42:49'),
(955, '201412-00435', 'pending', NULL, NULL, '2014-12-19 06:48:59'),
(956, '201412-00435', 'RM1', '482px', '862px', '2014-12-19 06:49:17'),
(957, '201412-00436', 'pending', NULL, NULL, '2014-12-19 06:51:49'),
(958, '201412-00437', 'pending', NULL, NULL, '2014-12-19 06:54:02'),
(959, '201412-00438', 'pending', NULL, NULL, '2014-12-19 06:55:11'),
(960, '201412-00435', 'RMG', '323px', '830px', '2014-12-19 06:55:57'),
(961, '201412-00436', 'XD3', '1319px', '555px', '2014-12-19 06:55:57'),
(962, '201412-00438', 'RMQ', '327px', '800px', '2014-12-19 06:55:57'),
(963, '201412-00437', 'RMH', '296px', '831px', '2014-12-19 06:55:57'),
(964, '201412-00439', 'pending', NULL, NULL, '2014-12-19 06:57:17'),
(965, '201412-00439', 'RMR', '296px', '800px', '2014-12-19 06:57:25'),
(966, '201412-00440', 'pending', NULL, NULL, '2014-12-19 06:59:26'),
(967, '201412-00440', 'RMI', '265px', '831px', '2014-12-19 06:59:36'),
(968, '201412-00441', 'pending', NULL, NULL, '2014-12-19 07:01:31'),
(969, '201412-00441', 'RMS', '265px', '800px', '2014-12-19 07:01:40'),
(970, '201412-00442', 'pending', NULL, NULL, '2014-12-19 07:03:45'),
(971, '201412-00442', 'RM8', '265px', '862px', '2014-12-19 07:03:58'),
(972, '201412-00443', 'pending', NULL, NULL, '2014-12-19 07:05:19'),
(973, '201412-00443', 'RMJ', '234px', '831px', '2014-12-19 07:05:26'),
(974, '201412-00444', 'pending', NULL, NULL, '2014-12-19 07:06:41'),
(975, '201412-00444', 'RMT', '234px', '800px', '2014-12-19 07:06:48'),
(976, '201412-00445', 'pending', NULL, NULL, '2014-12-19 07:08:06'),
(977, '201412-00443', 'RMK', '203px', '831px', '2014-12-19 07:10:51'),
(978, '201412-00445', 'RMJ', '234px', '831px', '2014-12-19 07:10:51'),
(979, '201412-00186', 'O19', '265px', '493px', '2014-12-19 07:10:52'),
(980, '201412-00185', 'O1C', '296px', '524px', '2014-12-19 07:10:52'),
(981, '201412-00184', 'O1B', '296px', '493px', '2014-12-19 07:10:52'),
(982, '201412-00446', 'pending', NULL, NULL, '2014-12-19 07:14:15'),
(983, '201412-00446', 'RMV', '172px', '800px', '2014-12-19 07:14:26'),
(984, '201412-00447', 'pending', NULL, NULL, '2014-12-19 07:15:32'),
(985, '201412-00447', 'RMM', '141px', '831px', '2014-12-19 07:15:39'),
(986, '201412-00448', 'pending', NULL, NULL, '2014-12-19 07:16:56'),
(987, '201412-00448', 'RMU', '203px', '800px', '2014-12-19 07:17:16'),
(988, '201412-00449', 'pending', NULL, NULL, '2014-12-19 07:18:30'),
(989, '201412-00147', 'X3A', '1156px', '338px', '2014-12-19 07:20:11'),
(990, '201412-00147', 'C3A', '1086px', '338px', '2014-12-19 07:21:10'),
(991, '201412-00144', 'C39', '1086px', '307px', '2014-12-19 07:21:10'),
(992, '201412-00449', 'RMW', '141px', '800px', '2014-12-19 07:21:53'),
(993, '201412-00149', 'C59', '1086px', '121px', '2014-12-19 07:25:05'),
(994, '201412-00146', 'pending', '', '', '2014-12-19 07:25:22'),
(995, '201412-00450', 'pending', NULL, NULL, '2014-12-19 07:29:53'),
(996, '201412-00450', '44', '1102px', '769px', '2014-12-19 07:30:02'),
(997, '201412-00451', 'pending', NULL, NULL, '2014-12-19 07:30:48'),
(998, '201412-00451', '43', '1102px', '738px', '2014-12-19 07:30:58'),
(999, '201412-00452', 'pending', NULL, NULL, '2014-12-19 07:43:39'),
(1000, '201412-00453', 'pending', NULL, NULL, '2014-12-19 07:47:08'),
(1001, '201412-00454', 'pending', NULL, NULL, '2014-12-19 07:52:51'),
(1002, '201412-00455', 'pending', NULL, NULL, '2014-12-19 08:00:35'),
(1003, '201412-00456', 'pending', NULL, NULL, '2014-12-19 08:01:52'),
(1004, '201412-00457', 'pending', NULL, NULL, '2014-12-19 08:03:16'),
(1005, '201412-00458', 'pending', NULL, NULL, '2014-12-19 08:04:38'),
(1006, '201412-00459', 'pending', NULL, NULL, '2014-12-19 08:06:02'),
(1007, '201412-00460', 'pending', NULL, NULL, '2014-12-19 08:07:01'),
(1008, '201412-00461', 'pending', NULL, NULL, '2014-12-19 08:08:32'),
(1009, '201412-00462', 'pending', NULL, NULL, '2014-12-19 08:09:50'),
(1010, '201412-00463', 'pending', NULL, NULL, '2014-12-19 08:10:38'),
(1011, '201412-00464', 'pending', NULL, NULL, '2014-12-19 08:11:34'),
(1012, '201412-00465', 'pending', NULL, NULL, '2014-12-19 08:25:44'),
(1013, '201412-00372', 'pending', '', '', '2014-12-19 08:32:36'),
(1014, '201412-00223', 'B4E', '853px', '245px', '2014-12-19 08:32:37'),
(1015, '201412-00222', 'B4D', '853px', '214px', '2014-12-19 08:33:09'),
(1016, '201412-00225', 'C62', '962px', '59px', '2014-12-19 08:37:18'),
(1017, '201412-00224', 'C61', '962px', '28px', '2014-12-19 08:37:18'),
(1018, '201412-00227', 'pending', '', '', '2014-12-19 08:41:03'),
(1019, '201412-00226', 'pending', '', '', '2014-12-19 08:41:14'),
(1020, '201412-00465', 'MSI', '141px', '676px', '2014-12-19 08:58:55'),
(1021, '201412-00442', 'MSG', '203px', '676px', '2014-12-19 08:58:55'),
(1022, '201412-00425', 'pending', '', '', '2014-12-19 09:07:44'),
(1023, '201412-00235', 'A32', '403px', '338px', '2014-12-19 09:07:44'),
(1024, '201412-00234', 'A31', '403px', '307px', '2014-12-19 09:07:44'),
(1025, '201412-00233', 'A51', '403px', '121px', '2014-12-19 09:07:44'),
(1026, '201412-00212', 'pending', '', '', '2014-12-19 09:15:08'),
(1027, '201412-00466', 'pending', NULL, NULL, '2014-12-19 09:21:18'),
(1028, '201412-00466', 'CE6', '1738px', '524px', '2014-12-19 09:21:25'),
(1029, '201412-00467', 'pending', NULL, NULL, '2014-12-19 09:22:25'),
(1030, '201412-00467', 'CE5', '1738px', '493px', '2014-12-19 09:22:35'),
(1031, '201412-00468', 'pending', NULL, NULL, '2014-12-19 09:26:06'),
(1032, '201412-00468', 'CE4', '1738px', '462px', '2014-12-19 09:26:43'),
(1033, '201412-00469', 'pending', NULL, NULL, '2014-12-19 23:12:21'),
(1034, '201412-00091', 'CS5', '885px', '800px', '2014-12-19 23:13:09'),
(1035, '201412-00469', 'CS7', '823px', '800px', '2014-12-19 23:13:09'),
(1036, '201412-00029', 'CS8', '792px', '800px', '2014-12-19 23:13:10'),
(1037, '201412-00424', 'CS9', '761px', '800px', '2014-12-19 23:13:10'),
(1038, '201412-00354', 'CSA', '730px', '800px', '2014-12-19 23:13:10'),
(1039, '201412-00355', 'CSB', '699px', '800px', '2014-12-19 23:13:10'),
(1040, '201412-00470', 'pending', NULL, NULL, '2014-12-20 00:08:15'),
(1041, '201412-00470', '42', '1102px', '707px', '2014-12-20 00:08:32'),
(1042, '201412-00092', 'CSH', '792px', '769px', '2014-12-20 00:21:26'),
(1043, '201412-00470', 'CS4', '916px', '800px', '2014-12-20 00:21:26'),
(1044, '201412-00363', 'CSL', '761px', '738px', '2014-12-20 00:21:26'),
(1045, '201412-00362', 'CSM', '792px', '738px', '2014-12-20 00:21:26'),
(1046, '201412-00361', 'CSQ', '761px', '707px', '2014-12-20 00:21:26'),
(1047, '201412-00360', 'CSR', '792px', '707px', '2014-12-20 00:21:26'),
(1048, '201412-00359', 'CSV', '761px', '676px', '2014-12-20 00:21:27'),
(1049, '201412-00132', 'G8', '1412px', '831px', '2014-12-20 00:21:27'),
(1050, '201412-00131', 'G9', '1381px', '831px', '2014-12-20 00:21:27'),
(1051, '201412-00347', 'G1A', '1350px', '831px', '2014-12-20 00:21:27'),
(1052, '201412-00348', 'G1B', '1319px', '831px', '2014-12-20 00:21:27'),
(1053, '201412-00362', 'pending', NULL, NULL, '2014-12-20 01:09:54'),
(1054, '201412-00362', 'MS8', '451px', '676px', '2014-12-20 01:10:08'),
(1055, '201412-00471', 'pending', NULL, NULL, '2014-12-20 01:15:35'),
(1056, '201412-00457', 'pending', NULL, NULL, '2014-12-20 01:17:39'),
(1057, '201412-00456', 'pending', NULL, NULL, '2014-12-20 01:17:48'),
(1058, '201412-00455', 'pending', NULL, NULL, '2014-12-20 01:18:08'),
(1059, '201412-00454', 'pending', NULL, NULL, '2014-12-20 01:18:20'),
(1060, '201412-00453', 'pending', NULL, NULL, '2014-12-20 01:18:29'),
(1061, '201412-00452', 'pending', NULL, NULL, '2014-12-20 01:18:37'),
(1062, '201412-00464', 'pending', NULL, NULL, '2014-12-20 01:22:08'),
(1063, '201412-00463', 'pending', NULL, NULL, '2014-12-20 01:22:18'),
(1064, '201412-00462', 'pending', NULL, NULL, '2014-12-20 01:22:30'),
(1065, '201412-00458', 'pending', NULL, NULL, '2014-12-20 01:22:48'),
(1066, '201412-00459', 'pending', NULL, NULL, '2014-12-20 01:23:43'),
(1067, '201412-00460', 'pending', NULL, NULL, '2014-12-20 01:23:48'),
(1068, '201412-00461', 'pending', NULL, NULL, '2014-12-20 01:23:57'),
(1069, '201412-00006', 'pending', NULL, NULL, '2014-12-20 01:25:58'),
(1070, '201412-00006', 'G1C', '1288px', '831px', '2014-12-20 01:26:46'),
(1071, '201412-00362', 'CSW', '792px', '676px', '2014-12-20 01:34:25'),
(1072, '201412-00472', 'pending', NULL, NULL, '2014-12-20 01:42:03'),
(1073, '201412-00306', 'MSE', '265px', '676px', '2014-12-20 01:45:22'),
(1074, '201412-00190', 'MSD', '296px', '676px', '2014-12-20 01:45:22'),
(1075, '201412-00472', 'RM8', '265px', '862px', '2014-12-20 01:45:36'),
(1076, '201412-00449', 'RMZ', '48px', '800px', '2014-12-20 01:46:15'),
(1077, '201412-00447', 'RMP', '48px', '831px', '2014-12-20 01:46:15'),
(1078, '201412-00446', 'RMO', '79px', '831px', '2014-12-20 01:46:15'),
(1079, '201412-00448', 'RMY', '79px', '800px', '2014-12-20 01:46:15'),
(1080, '201412-00443', 'RMN', '110px', '831px', '2014-12-20 01:46:16'),
(1081, '201412-00444', 'RMX', '110px', '800px', '2014-12-20 01:46:16'),
(1082, '201412-00445', 'RMM', '141px', '831px', '2014-12-20 01:46:16'),
(1083, '201412-00441', 'RMW', '141px', '800px', '2014-12-20 01:46:16'),
(1084, '201412-00440', 'RML', '172px', '831px', '2014-12-20 01:46:16'),
(1085, '201412-00439', 'RMV', '172px', '800px', '2014-12-20 01:46:16'),
(1086, '201412-00437', 'RMK', '203px', '831px', '2014-12-20 01:46:16'),
(1087, '201412-00438', 'RMU', '203px', '800px', '2014-12-20 01:46:16'),
(1088, '201412-00435', 'RMJ', '234px', '831px', '2014-12-20 01:46:16'),
(1089, '201412-00113', 'D56', '1288px', '152px', '2014-12-20 01:58:42'),
(1090, '201412-00112', 'MS8', '451px', '676px', '2014-12-20 01:58:42'),
(1091, '201412-00090', 'MSC', '327px', '676px', '2014-12-20 01:59:22'),
(1092, '201412-00473', 'pending', NULL, NULL, '2014-12-20 02:05:30'),
(1093, '201412-00473', 'D2A', '1350px', '431px', '2014-12-20 02:05:41'),
(1094, '201412-00474', 'pending', NULL, NULL, '2014-12-20 03:25:43'),
(1095, '201412-00475', 'pending', NULL, NULL, '2014-12-20 03:27:15'),
(1096, '201412-00476', 'pending', NULL, NULL, '2014-12-20 03:28:10'),
(1097, '201412-00477', 'pending', NULL, NULL, '2014-12-20 03:29:26'),
(1098, '201412-00478', 'pending', NULL, NULL, '2014-12-20 03:31:03'),
(1099, '201412-00479', 'pending', NULL, NULL, '2014-12-20 03:32:15'),
(1100, '201412-00480', 'pending', NULL, NULL, '2014-12-26 04:49:18'),
(1101, '201412-00481', 'pending', NULL, NULL, '2014-12-26 05:25:57'),
(1102, '201412-00482', 'pending', NULL, NULL, '2014-12-26 05:32:00'),
(1103, '201412-00483', 'pending', NULL, NULL, '2014-12-26 05:35:34'),
(1104, '201412-00484', 'pending', NULL, NULL, '2014-12-26 05:39:24'),
(1105, '201412-00485', 'pending', NULL, NULL, '2014-12-26 05:47:21'),
(1106, '201412-00486', 'pending', NULL, NULL, '2014-12-26 06:46:45'),
(1107, '201504-00001', 'pending', NULL, NULL, '2015-04-20 01:52:37'),
(1108, '201504-00002', 'pending', NULL, NULL, '2015-04-20 01:53:18'),
(1109, '201504-00003', 'pending', NULL, NULL, '2015-04-20 08:12:11'),
(1110, '201504-00004', 'pending', NULL, NULL, '2015-04-20 08:23:27'),
(1111, '201504-00005', 'pending', NULL, NULL, '2015-04-22 14:09:12'),
(1112, '201505-00001', 'pending', NULL, NULL, '2015-05-08 05:32:17'),
(1113, '201505-00002', 'pending', NULL, NULL, '2015-05-08 05:33:36'),
(1114, '201505-00003', 'pending', NULL, NULL, '2015-05-14 03:29:09'),
(1115, '201505-00004', 'pending', NULL, NULL, '2015-05-18 07:50:11'),
(1116, '201505-00005', 'pending', NULL, NULL, '2015-05-18 07:56:16'),
(1117, '201505-00006', 'pending', NULL, NULL, '2015-05-18 08:30:41'),
(1118, '201505-00007', 'pending', NULL, NULL, '2015-05-18 10:19:00'),
(1119, '201505-00008', 'pending', NULL, NULL, '2015-05-18 10:46:13'),
(1120, '201505-00009', 'pending', NULL, NULL, '2015-05-18 10:47:16'),
(1121, '201505-00010', 'pending', NULL, NULL, '2015-05-19 07:58:40'),
(1122, '201505-00011', 'pending', NULL, NULL, '2015-05-19 08:02:27'),
(1123, '201505-00012', 'pending', NULL, NULL, '2015-05-19 08:04:03'),
(1124, '201505-00013', 'pending', NULL, NULL, '2015-05-19 08:05:20'),
(1125, '201505-00014', 'pending', NULL, NULL, '2015-05-19 08:06:06'),
(1126, '201505-00015', 'pending', NULL, NULL, '2015-05-19 08:10:08'),
(1127, '201505-00016', 'pending', NULL, NULL, '2015-05-19 08:12:42'),
(1128, '201505-00017', 'pending', NULL, NULL, '2015-05-19 08:14:34'),
(1129, '201505-00018', 'pending', NULL, NULL, '2015-05-19 08:15:37'),
(1130, '201505-00019', 'pending', NULL, NULL, '2015-05-19 08:16:28'),
(1131, '201505-00020', 'pending', NULL, NULL, '2015-05-19 08:20:50'),
(1132, '201505-00021', 'pending', NULL, NULL, '2015-05-19 08:21:38'),
(1133, '201505-00022', 'pending', NULL, NULL, '2015-05-19 08:22:56'),
(1134, '201505-00023', 'pending', NULL, NULL, '2015-05-19 08:23:59'),
(1135, '201505-00024', 'pending', NULL, NULL, '2015-05-19 08:29:17'),
(1136, '201505-00025', 'pending', NULL, NULL, '2015-05-19 08:30:45'),
(1137, '201505-00026', 'pending', NULL, NULL, '2015-05-19 08:31:38'),
(1138, '201505-00027', 'pending', NULL, NULL, '2015-05-19 08:32:42'),
(1139, '201505-00028', 'pending', NULL, NULL, '2015-05-19 08:33:54'),
(1140, '201505-00029', 'pending', NULL, NULL, '2015-05-19 08:34:28'),
(1141, '201505-00030', 'pending', NULL, NULL, '2015-05-19 08:35:07'),
(1142, '201505-00031', 'pending', NULL, NULL, '2015-05-19 08:35:49'),
(1143, '201505-00032', 'pending', NULL, NULL, '2015-05-19 08:41:15'),
(1144, '201505-00033', 'pending', NULL, NULL, '2015-05-19 08:42:30'),
(1145, '201505-00034', 'pending', NULL, NULL, '2015-05-19 08:43:15'),
(1146, '201505-00035', 'pending', NULL, NULL, '2015-05-19 08:45:12'),
(1147, '201505-00036', 'pending', NULL, NULL, '2015-05-19 08:45:53'),
(1148, '201505-00037', 'pending', NULL, NULL, '2015-05-19 08:46:33'),
(1149, '201505-00038', 'pending', NULL, NULL, '2015-05-19 08:47:13'),
(1150, '201505-00039', 'pending', NULL, NULL, '2015-05-19 08:47:54'),
(1151, '201505-00040', 'pending', NULL, NULL, '2015-05-19 08:49:03'),
(1152, '201505-00041', 'pending', NULL, NULL, '2015-05-19 08:50:50'),
(1153, '201505-00042', 'pending', NULL, NULL, '2015-05-19 08:51:36'),
(1154, '201505-00043', 'pending', NULL, NULL, '2015-05-19 08:52:10'),
(1155, '201505-00044', 'pending', NULL, NULL, '2015-05-19 08:53:23'),
(1156, '201505-00045', 'pending', NULL, NULL, '2015-05-19 08:54:35'),
(1157, '201505-00046', 'pending', NULL, NULL, '2015-05-19 08:55:13'),
(1158, '201505-00047', 'pending', NULL, NULL, '2015-05-19 08:55:53'),
(1159, '201505-00048', 'pending', NULL, NULL, '2015-05-19 08:57:56'),
(1160, '201505-00049', 'pending', NULL, NULL, '2015-05-19 09:00:47'),
(1161, '201505-00050', 'pending', NULL, NULL, '2015-05-20 05:30:50'),
(1162, '201505-00051', 'pending', NULL, NULL, '2015-05-20 05:31:35'),
(1163, '201505-00052', 'pending', NULL, NULL, '2015-05-20 05:47:17'),
(1164, '201505-00053', 'pending', NULL, NULL, '2015-05-26 10:42:20');

-- --------------------------------------------------------

--
-- Table structure for table `tcard_types`
--

CREATE TABLE IF NOT EXISTS `tcard_types` (
  `tt_id` int(11) NOT NULL AUTO_INCREMENT,
  `tt_name` varchar(100) DEFAULT NULL,
  `tt_color` varchar(10) DEFAULT NULL,
  `ttg_id` int(11) DEFAULT NULL,
  `is_deleted` tinyint(1) NOT NULL DEFAULT '0',
  PRIMARY KEY (`tt_id`),
  KEY `fk_tcard_types_tcard_type_group_idx` (`ttg_id`)
) ENGINE=InnoDB  DEFAULT CHARSET=utf8 AUTO_INCREMENT=7 ;

--
-- Dumping data for table `tcard_types`
--

INSERT INTO `tcard_types` (`tt_id`, `tt_name`, `tt_color`, `ttg_id`, `is_deleted`) VALUES
(1, 'GREEN COFFEE', '#188927', 2, 0),
(2, 'RESUPPLY', '#FFFF8C', 3, 0),
(3, 'PACKAGING MATERIALS', '#BB2D6A', 2, 0),
(4, 'RAW MATERIALS', '#078BF5', 2, 0),
(5, 'TEMPLOAD', '#0E0705', 1, 0),
(6, 'EXFACTORY', '#A4992F', 3, 0);

-- --------------------------------------------------------

--
-- Table structure for table `tcard_type_group`
--

CREATE TABLE IF NOT EXISTS `tcard_type_group` (
  `ttg_id` int(11) NOT NULL AUTO_INCREMENT,
  `ttg_name` varchar(20) NOT NULL,
  PRIMARY KEY (`ttg_id`)
) ENGINE=InnoDB  DEFAULT CHARSET=utf8 AUTO_INCREMENT=4 ;

--
-- Dumping data for table `tcard_type_group`
--

INSERT INTO `tcard_type_group` (`ttg_id`, `ttg_name`) VALUES
(1, 'None'),
(2, 'Stripping'),
(3, 'Stuffing');

-- --------------------------------------------------------

--
-- Table structure for table `truckers`
--

CREATE TABLE IF NOT EXISTS `truckers` (
  `t_id` int(11) NOT NULL AUTO_INCREMENT,
  `t_name` varchar(255) DEFAULT NULL,
  `t_code` varchar(20) DEFAULT NULL,
  `is_deleted` tinyint(1) NOT NULL DEFAULT '0',
  PRIMARY KEY (`t_id`)
) ENGINE=InnoDB  DEFAULT CHARSET=utf8 AUTO_INCREMENT=14 ;

--
-- Dumping data for table `truckers`
--

INSERT INTO `truckers` (`t_id`, `t_name`, `t_code`, `is_deleted`) VALUES
(1, 'None', '', 0),
(2, 'TRANSPECIAL', 'TST', 0),
(3, 'TRANSWORLD', 'TWBC', 0),
(4, 'SULTAN ', 'SKMTI', 0),
(5, 'DTS', 'DTS', 0),
(6, 'KMG ', 'KMG', 0),
(7, 'FAST CARGO', 'FCTC', 0),
(8, 'INLAND', 'INLAND', 0),
(9, 'ONESTOP', 'ONESTOP', 0),
(10, 'RC', 'RC', 0),
(11, 'KMI', 'KMI', 1),
(12, 'BRANZUELA', 'BRANS', 0),
(13, 'COFIPAC', 'COFIPAC', 0);

-- --------------------------------------------------------

--
-- Table structure for table `users`
--

CREATE TABLE IF NOT EXISTS `users` (
  `u_id` int(11) NOT NULL AUTO_INCREMENT,
  `u_username` varchar(45) DEFAULT NULL,
  `u_password` varchar(100) DEFAULT NULL,
  `u_firstname` varchar(100) DEFAULT NULL,
  `u_lastname` varchar(100) DEFAULT NULL,
  `u_mi` varchar(45) DEFAULT NULL,
  `u_isactive` tinyint(1) DEFAULT '1',
  `u_addedby` varchar(100) DEFAULT NULL,
  `u_dateadded` timestamp NULL DEFAULT CURRENT_TIMESTAMP,
  `u_contactno` varchar(20) DEFAULT NULL,
  `u_isadmin` tinyint(1) DEFAULT '0',
  PRIMARY KEY (`u_id`)
) ENGINE=InnoDB  DEFAULT CHARSET=utf8 AUTO_INCREMENT=4 ;

--
-- Dumping data for table `users`
--

INSERT INTO `users` (`u_id`, `u_username`, `u_password`, `u_firstname`, `u_lastname`, `u_mi`, `u_isactive`, `u_addedby`, `u_dateadded`, `u_contactno`, `u_isadmin`) VALUES
(0, 'admin', '21232f297a57a5a743894a0e4a801fc3', 'Admin', '', '', 1, NULL, '2014-04-23 11:07:40', '', 1),
(1, 'JCANOY', '4c36289277c8aa1a2a88241503c57676', 'JEFF CLOYD', 'CANOY', 'S', 1, '0', '2014-12-01 12:42:36', '09261999458', 0),
(2, 'EESTROGA', 'e10adc3949ba59abbe56e057f20f883e', 'EDMON', 'ESTROGA', 'T', 1, '0', '2014-12-01 12:43:21', '123456', 0),
(3, 'EDANE', 'e10adc3949ba59abbe56e057f20f883e', 'EDGARDO', 'DANE', 'J', 1, '0', '2014-12-01 12:44:37', '123456', 0);

-- --------------------------------------------------------

--
-- Table structure for table `vans`
--

CREATE TABLE IF NOT EXISTS `vans` (
  `v_id` int(11) NOT NULL AUTO_INCREMENT,
  `v_no` varchar(100) DEFAULT NULL,
  PRIMARY KEY (`v_id`)
) ENGINE=InnoDB  DEFAULT CHARSET=utf8 AUTO_INCREMENT=534 ;

--
-- Dumping data for table `vans`
--

INSERT INTO `vans` (`v_id`, `v_no`) VALUES
(1, 'DRYU201321-5'),
(2, 'WFHU451789-7'),
(3, 'AMTU210456-5'),
(4, 'EASU210312-9'),
(5, 'NCLU201789-3'),
(6, 'MSKU751421-8'),
(7, 'APZU451632-4'),
(8, 'TCKU415896-7'),
(9, 'RLR751'),
(10, 'GSSU 256124-6'),
(11, 'WFHU-143452-6'),
(12, 'APZU-131113-4'),
(13, 'DRYU200871-8'),
(14, 'AMTU142456-7'),
(15, 'WFHU136871-6'),
(16, 'DRYU221472-0'),
(17, 'KVG123'),
(18, 'MQW123'),
(19, 'APZU513718-3'),
(20, 'AMTU140021-0'),
(21, 'CRSU152401-4'),
(22, 'GSC-13'),
(23, 'GSC-09'),
(24, 'DRYU253113-8'),
(25, 'DRYU221570-0'),
(26, 'AMTU142545-6'),
(27, 'CRSU152417-0'),
(28, 'NCLU200441-4'),
(29, 'WFHU140133-1'),
(30, 'INBU380567-2'),
(31, 'WFHU139249-8'),
(32, 'NCLU200526-0'),
(33, 'WFHU133328-4'),
(34, 'DRYU255943-3'),
(35, 'DRYU253077-0'),
(36, 'DRYU255543-8'),
(37, 'NCLU200590-9'),
(38, 'MRTU200691-8'),
(39, 'NCLU201230-1'),
(40, 'WFHU133360-1'),
(41, 'WFHU139441-7'),
(42, 'WFHU103490-0'),
(43, 'NCLU200734-7'),
(44, 'XPCLC20-11'),
(45, 'CRSU152882-7'),
(46, 'WFHU139226-6'),
(47, 'WFHU133295-0'),
(48, 'WGAU235402-6'),
(49, 'GSSU201433-0'),
(50, 'DRYU221421-5'),
(51, 'WFHU139601-9'),
(52, 'DRYU221458-1'),
(53, 'AMTU143422-6'),
(54, 'IPXU363725-0'),
(55, 'WFHU140723-7'),
(56, 'CXDU146150-1'),
(57, 'DRYU253356-8'),
(58, 'DRYU258713-7'),
(59, 'WFHU138799-5'),
(60, 'DRYU253119-0'),
(61, 'NCLU201115-7'),
(62, 'WGAU235576-3'),
(63, 'DRYU253150-2'),
(64, 'NCLU200407-6'),
(65, 'NCLU200889-4'),
(66, 'AMTU143076-6'),
(67, 'NCLU200431-1'),
(68, 'XPCLC20-21'),
(69, 'DRYU253234-5'),
(70, 'CXDU100212-2'),
(71, 'WFHU136720-0'),
(72, 'CRXU328086-0'),
(73, 'WFHU140282-6'),
(74, 'DRYU253040-3'),
(75, 'GLDU568094-0'),
(76, 'FCIU346485-4'),
(77, 'NCLU200911-8'),
(78, 'DRYU253218-1'),
(79, 'TRHU263520-5'),
(80, 'NCLU201011-9'),
(81, 'WGAU240607-4'),
(82, 'DRYU255453-4'),
(83, 'WFHU104184-7'),
(84, 'WFHU139147-0'),
(85, 'CXDU100411-0'),
(86, 'NCLU200631-4'),
(87, 'DRYU255527-4'),
(88, 'NCLU201189-8'),
(89, 'GSSU202212-4'),
(90, 'CAIU361115-5'),
(91, 'GLDU524234-8'),
(92, 'WFHU140793-6'),
(93, 'AMTU120001-7'),
(94, 'GSSU200507-1'),
(95, 'DRYU256079-5'),
(96, 'GSSU202227-4'),
(97, 'APZU394841-5'),
(98, 'DRYU258984-4'),
(99, 'WFHU133301-0'),
(100, 'GSSU202532-9'),
(101, 'APZU348194-8'),
(102, 'TPXU344888-0'),
(103, 'AMTU142175-7'),
(104, 'CRSU152783-6'),
(105, 'DRYU205857-6'),
(106, 'AMTU143183-9'),
(107, 'CRSU152397-5'),
(108, 'APZU378284-9'),
(109, 'MRKU965035-6'),
(110, 'WFHU135418-4'),
(111, 'MRKU838995-2'),
(112, 'IPXU213133-4'),
(113, 'CRXU328081-3'),
(114, 'WGAU240508-3'),
(115, 'SLSU635646-1'),
(116, 'NCLU200919-1'),
(117, 'CRSU152396-0'),
(118, 'GSSU201460-1'),
(119, 'TRLU740743-8'),
(120, 'TCNU791227-4'),
(121, 'TGHU963123-6'),
(122, 'TRLU756492-5'),
(123, 'APHU211162-0'),
(124, 'NYKU592013-0'),
(125, 'GESU568760-9'),
(126, 'APZU448842-2'),
(127, 'NYKU511178-9'),
(128, 'APZU478309-5'),
(129, 'MRKU928003-5'),
(130, 'MRKU604703-9'),
(131, 'CLHU895193-9'),
(132, 'SEGU499753-8'),
(133, 'APHU679337-7'),
(134, 'FCIU816643-0'),
(135, 'WFHU141058-6'),
(136, 'GSSU201106-9'),
(137, 'XPCLC20-22'),
(138, 'CRXU328172-2'),
(139, 'APZU386711-8'),
(140, 'CAIU308991-9'),
(141, 'YTLU234022-2'),
(142, 'GSSU200982-1'),
(143, 'DRYU221583-9'),
(144, 'TRLU925062-5'),
(145, 'AMTU120822-9'),
(146, 'MRKU942160-0'),
(147, 'PONU045231-0'),
(148, 'CAXU687211-2'),
(149, 'AMTU140794-0'),
(150, 'INBU380493-2'),
(151, 'INBU370203-6'),
(152, 'INBU370566-8'),
(153, 'APZU213258-2'),
(154, 'MSKU549383-6'),
(155, 'PONU034093-7'),
(156, 'PONU055217-6'),
(157, 'MRKU957240-1'),
(158, 'MRKU985905-3'),
(159, 'MSKU753986-0'),
(160, 'MSKU725404-4'),
(161, 'MEAU684150-0'),
(162, 'WFHU135412-1'),
(163, 'MRKU823944-3'),
(164, 'GLDU552859-0'),
(165, 'IPXU210639-4'),
(166, 'CXDU100741-7'),
(167, 'DRYU258734-8'),
(168, 'DRYU262403-5'),
(169, 'APZU394249-0'),
(170, 'GSSU202252-5'),
(171, 'NYKU479952-7'),
(172, 'APZU451205-1'),
(173, 'TCLU423870-0'),
(174, 'NYKU817889-4'),
(175, 'TTNU485905-5'),
(176, 'NYKU644349-5'),
(177, 'SEGU507234-2'),
(178, 'FSCU495581-9'),
(179, 'MRKU644962-0'),
(180, 'PONU042677-4'),
(181, 'APZU389361-0'),
(182, 'DRYU253777-0'),
(183, 'MRKU659667-3'),
(184, 'WFHU127922-3'),
(185, 'AMTU130941-4'),
(186, 'XPCLC20-18'),
(187, 'MRKU751195-8'),
(188, 'MSKU709597-6'),
(189, 'MRKU926089-3'),
(190, 'MRKU950915-8'),
(191, 'MRKU893476-4'),
(192, 'MRKU790271-5'),
(193, 'NCLU201186-1'),
(194, 'WFHU115733-3'),
(195, 'AMTU140670-7'),
(196, 'AMTU143822-1'),
(197, 'IPXU363623-3'),
(198, 'MSKU716109-1'),
(199, 'MSKU543069-5'),
(200, 'MSKU503533-0'),
(201, 'MSKU236234 -4'),
(202, 'MRKU860089 -6'),
(203, 'MRKU990002 -8'),
(204, 'MAEU791784 -8'),
(205, 'CAIU249199 -1'),
(206, 'CAIU245707 -1'),
(207, 'GSSU200963-1'),
(208, 'APZU375087-8'),
(209, 'AMTU143965 -5'),
(210, 'APZU356082-0'),
(211, 'WFHU133307-3'),
(212, 'MRKU781383-4'),
(213, 'GSSU201407-3'),
(214, 'APZU324858-2'),
(215, 'APZU369429-1'),
(216, 'APZU398889-2'),
(217, 'CLHU333008-1'),
(218, 'DRYU221774-4'),
(219, 'GEZU347585-3'),
(220, 'DRYU221715-3'),
(221, 'WFHU140129-1'),
(222, 'WGAU234880-4'),
(223, 'NCLU200564-2'),
(224, 'APZU395216-4'),
(225, 'APZU313580-0'),
(226, 'DRYU204858-3'),
(227, 'DRYU253136-0'),
(228, 'MRKU742477-1'),
(229, 'MRKU674840-0'),
(230, 'TCKU329296-7'),
(231, 'AMTU137215-1'),
(232, 'TRHU266944-2'),
(233, 'TCKU345162-6'),
(234, 'INBU372734-8'),
(235, 'MSKU312836-7'),
(236, 'MSKU574311-2'),
(237, 'MRKU830137-0'),
(238, 'MRKU705841-4'),
(239, 'MRKU816636-8'),
(240, 'MRKU946651-8'),
(241, 'MSKU790264-0'),
(242, 'PONU030143-7'),
(243, 'MRKU817776-3'),
(244, 'WFHU127448-9'),
(245, 'AMTU143400-0'),
(246, 'MRKU797700-0'),
(247, 'TTNU359579-1'),
(248, 'ECMU201152-6'),
(249, 'PONU028563-4'),
(250, 'MSKU743197-8'),
(251, 'MRKU768955-4'),
(252, 'TTNU385084-0'),
(253, 'TTNU330080-1'),
(254, 'MRKU965395-1'),
(255, 'MSKU514860-8'),
(256, 'PONU001958-9'),
(257, 'MSKU503793-9'),
(258, 'DRYU221765-7'),
(259, 'MRKU858474-8'),
(260, 'MRKU942117-5'),
(261, 'MRKU840184-7'),
(262, 'MSKU506711-0'),
(263, 'MRKU961654-1'),
(264, 'MRKU908837-8'),
(265, 'APZU378270-4'),
(266, 'WGAU241445-0'),
(267, 'AMTU143420-5'),
(268, 'AMTU142810-0'),
(269, 'AMTU120844-5'),
(270, 'YTLU251045-8'),
(271, 'WFHU139073-0'),
(272, 'WGAU241913-2'),
(273, 'MRKU914305-3'),
(274, 'SCMU208066-5'),
(275, 'MRKU710230-6'),
(276, 'MRKU742626-5'),
(277, 'DRYU253316-7'),
(278, 'SKMTI003'),
(279, 'INBU358342-5'),
(280, 'NCLU200805-0'),
(281, 'APZU392782-9'),
(282, 'APZU345263-6'),
(283, 'APZU356168-4'),
(284, 'MSKU561396-8'),
(285, 'MRKU924216-'),
(286, 'PCIU373632-0'),
(287, 'NYKU339070-3'),
(288, 'CLHU304068-9'),
(289, 'MRKU866434-0'),
(290, 'DRYU205926-9'),
(291, 'DRYU253323-3'),
(292, 'MRKU941292-8'),
(293, 'MRKU827177-0'),
(294, 'INBU370067-1'),
(295, 'MRKU695093-5'),
(296, 'TGHU259697-7'),
(297, 'INBU373233-9'),
(298, 'MRKU858471-1'),
(299, 'TCLU720848-4'),
(300, 'MRKU789939-7'),
(301, 'MRKU731490-1'),
(302, 'MRKU917145-6'),
(303, 'MSKU267506-1'),
(304, 'APZU350455-5'),
(305, 'APZU362250-0'),
(306, 'KKTU805487-6'),
(307, 'KKTU795431-7'),
(308, 'MRKU856629-8'),
(309, 'MRKU968589-8'),
(310, 'MRKU831054-1'),
(311, 'MRKU717588-0'),
(312, 'TRHU263451-2'),
(313, 'MRKU741380-1'),
(314, 'FCIU375240-0'),
(315, 'MRKU890729-1'),
(316, 'APZU398947-7'),
(317, 'EASU100441-0'),
(318, 'MSKU262152-7'),
(319, 'TGHU139231-0'),
(320, 'MSKU754741-7'),
(321, 'MSKU790543-9'),
(322, 'MSKU341221-8'),
(323, 'MSKU238969-0'),
(324, 'DAYU215366-6'),
(325, 'G LDU034100-8'),
(326, 'MSKU410560-1'),
(327, 'MSKU426971-3'),
(328, 'DRYU255703-0'),
(329, 'XPCLC2053'),
(330, 'XPCLC205'),
(331, 'INBU358939-9'),
(332, 'MRKU659237-0'),
(333, 'MRKU766831-4'),
(334, 'XPCLC20-15'),
(335, 'XPCLC20-04'),
(336, 'XPCLC20-10'),
(337, 'AMTU142864-5'),
(338, 'AMTU120702-7'),
(339, 'NCLU200209-4'),
(340, 'INBU373159-0'),
(341, 'AMTU142193-3'),
(342, 'AMTU140415-7'),
(343, 'FSCU456146-2'),
(344, 'MRKU941161-8'),
(345, 'MRKU703894-8'),
(346, 'AMTU140760-0'),
(347, 'NCLU200924-7'),
(348, 'DRYU253242-7'),
(349, 'DRYU221454-0'),
(350, 'DRYU256066-6'),
(351, 'WHLU930839-8'),
(352, 'GSC04'),
(353, 'DRYU255478-7'),
(354, 'CRXU328015-6'),
(355, 'DRYU255483-2'),
(356, 'DRYU223367-9'),
(357, 'WFHU139914-7'),
(358, 'IPXU216713-1'),
(359, 'NCLU200406-0'),
(360, 'IPXU216706-5'),
(361, 'CRXU328031-0'),
(362, 'IPXU363589-6'),
(363, 'WFHU138718-8'),
(364, 'WFHU135452-2'),
(365, 'WFHU135768-7'),
(366, 'INBU371884-0'),
(367, 'WGAU235061-1'),
(368, 'CXDU100363-8'),
(369, 'WFHU135420-3'),
(370, 'GSSU201301-4'),
(371, 'GSSU201143-3'),
(372, 'DRYU253031-6'),
(373, 'NCLU200488-3'),
(374, 'WFHU128992-0'),
(375, 'WFHU138818-4'),
(376, 'WFHU128840-0'),
(377, 'CRXU231994-7'),
(378, 'NCLU201299-7'),
(379, 'WFHU133311-3'),
(380, 'NCLU200450-1'),
(381, 'DRYU253294-1'),
(382, 'WFHU123407-0'),
(383, 'DRYU203510-1'),
(384, 'IPXU363672-1'),
(385, 'CRSU328084-0'),
(386, 'NCLU200709-6'),
(387, 'WFHU140992-3'),
(388, 'NCLU201138-9'),
(389, 'CRXU328053-6'),
(390, 'WFHU138722-8'),
(391, 'APZU371021-6'),
(392, 'GLDU530179-6'),
(393, 'FCIU477359-1'),
(394, 'APZU386627-7'),
(395, 'APZU364461-8'),
(396, 'DRYU255713-2'),
(397, 'DRYU204278-0'),
(398, 'XPCLC20-12'),
(399, 'DRYU221434-4'),
(400, 'INBU369848-7'),
(401, 'NCLU201026-9'),
(402, 'DRYU287082-5'),
(403, 'DRYU255694-3'),
(404, 'DRYU221666-6'),
(405, 'NCLU200509-3'),
(406, 'DRYU223877-3'),
(407, 'WFHU140281-0'),
(408, 'NCLU200346-5'),
(409, 'DRYU221653-7'),
(410, 'AMTU143251-6'),
(411, 'CRSU152774-9'),
(412, 'DRYU255646-0'),
(413, 'NCLU200358-9'),
(414, 'NCLU200251-4'),
(415, 'WFHU133303-1'),
(416, 'AMTU140618-4'),
(417, 'FCIU312160-2'),
(418, 'APZU301665-3'),
(419, 'APHU628236-1'),
(420, 'APZU455461-1'),
(421, 'APZU433987-7'),
(422, 'TCNU770192-3'),
(423, 'APHU738962-6'),
(424, 'APZU417683-0'),
(425, 'APHU711162-0'),
(426, 'FSCU495518-9'),
(427, 'TRLU816910-2'),
(428, 'APHU654469-3'),
(429, 'APHU633892-2'),
(430, 'APHU680578-1'),
(431, 'GLDU742789-1'),
(432, 'APZU450526-3'),
(433, 'AMTU120078-4'),
(434, 'APZU477804-1'),
(435, 'APZU441776-9'),
(436, 'TTNU485905-0'),
(437, 'TGHU975343-0'),
(438, 'GESU559710-4'),
(439, 'NYKU408013-2'),
(440, 'APZU424073-4'),
(441, 'DRYU221428-3'),
(442, 'DRYU221541-7'),
(443, 'MRKU895608-5'),
(444, 'MRKU896086-6'),
(445, 'MRKU946328-9'),
(446, 'MRKU704610-0'),
(447, 'MRKU872136-8'),
(448, 'MRKU737393-2'),
(449, 'PONU059654-9'),
(450, 'MRKU696740-8'),
(451, 'MSKU425124-7'),
(452, 'MRKU687374-1'),
(453, 'MRKU660573-3'),
(454, 'MSKU411612-3'),
(455, 'MRKU939822-3'),
(456, 'WFHU140876-3'),
(457, 'DRYU255706-6'),
(458, 'DRYU258661-3'),
(459, 'DRYU200938-1'),
(460, 'IPXU394182-8'),
(461, 'NCLU201158-4'),
(462, 'NYKU583564-0'),
(463, 'WFHU141048-3'),
(464, 'MRKU716387-3'),
(465, 'MSKU571194-3'),
(466, 'MSKU931252-8'),
(467, 'MSKU773506-3'),
(468, 'CLHU262512-8'),
(469, 'MRKU685463-3'),
(470, 'ACHUAHCU'),
(471, 'SAMPUL'),
(472, 'DATECHECK'),
(473, 'SAMPUL2'),
(474, 'SAMPUL3'),
(475, 'SASAD'),
(476, 'SAMPLER'),
(477, 'WINGVAN'),
(478, 'SOLID - 123123DSF'),
(479, 'NMC-SJKLDFK1-12'),
(480, 'SOLID-123213213'),
(481, 'INLAND - 123123D DF'),
(482, 'AMTU 12390 - 1'),
(483, 'INLAND -ASOFLKHAE 12'),
(484, 'GOTHONG - ASFLK1 12'),
(485, '2GO - ASFJLDSNGJK 26'),
(486, '2GO ASDSBVCB 51'),
(487, '2GO ASDKLKLF B123'),
(488, '2GO SADFASF'),
(489, '2GO ASFDSKLJG'),
(490, '12233'),
(491, '123345'),
(492, '1243'),
(493, '12543'),
(494, '1254'),
(495, '231'),
(496, '53121'),
(497, '0921'),
(498, '6523'),
(499, '8910'),
(500, '657'),
(501, '5642'),
(502, '678'),
(503, '764'),
(504, '7843'),
(505, '7342'),
(506, '3241'),
(507, '23214'),
(508, '324165'),
(509, '4352'),
(510, '2345245'),
(511, '34241'),
(512, '190283'),
(513, '32432'),
(514, '1234141'),
(515, '242343'),
(516, '12414'),
(517, '4564'),
(518, '34543634'),
(519, '3242156'),
(520, '312414'),
(521, '123121'),
(522, '213131'),
(523, '214124'),
(524, '1231231'),
(525, '233242'),
(526, '1241413421'),
(527, '645'),
(528, '5342'),
(529, '2141455'),
(530, '2GO ASDFJKLSADMK'),
(531, '2GO ASDIOASKJLDFAS'),
(532, '2GO ASDIOASHDFMSD'),
(533, '2GO - JIOASFJIOASDHU 26');

-- --------------------------------------------------------

--
-- Table structure for table `van_types`
--

CREATE TABLE IF NOT EXISTS `van_types` (
  `vt_id` int(11) NOT NULL AUTO_INCREMENT,
  `vt_name` varchar(45) DEFAULT NULL,
  `is_deleted` tinyint(1) NOT NULL DEFAULT '0',
  PRIMARY KEY (`vt_id`)
) ENGINE=InnoDB  DEFAULT CHARSET=utf8 AUTO_INCREMENT=5 ;

--
-- Dumping data for table `van_types`
--

INSERT INTO `van_types` (`vt_id`, `vt_name`, `is_deleted`) VALUES
(1, '20', 0),
(2, '40', 0),
(3, 'WINGVAN', 0),
(4, '10', 0);

--
-- Constraints for dumped tables
--

--
-- Constraints for table `exit_passes`
--
ALTER TABLE `exit_passes`
  ADD CONSTRAINT `exit_passes_tcards_fkey` FOREIGN KEY (`tc_id`) REFERENCES `tcards` (`tc_id`) ON DELETE NO ACTION ON UPDATE CASCADE;

--
-- Constraints for table `tcards`
--
ALTER TABLE `tcards`
  ADD CONSTRAINT `fk_tcards_checkers1` FOREIGN KEY (`c_id`) REFERENCES `checkers` (`c_id`) ON DELETE NO ACTION ON UPDATE NO ACTION,
  ADD CONSTRAINT `fk_tcards_shippers1` FOREIGN KEY (`s_id`) REFERENCES `shippers` (`s_id`) ON DELETE NO ACTION ON UPDATE NO ACTION,
  ADD CONSTRAINT `fk_tcards_tcard_types1` FOREIGN KEY (`tt_id`) REFERENCES `tcard_types` (`tt_id`) ON DELETE NO ACTION ON UPDATE NO ACTION,
  ADD CONSTRAINT `fk_tcards_truckers1` FOREIGN KEY (`t_id`) REFERENCES `truckers` (`t_id`) ON DELETE NO ACTION ON UPDATE NO ACTION,
  ADD CONSTRAINT `fk_tcards_users1` FOREIGN KEY (`u_id`) REFERENCES `users` (`u_id`) ON DELETE NO ACTION ON UPDATE NO ACTION,
  ADD CONSTRAINT `fk_tcards_users_str` FOREIGN KEY (`tc_strcontroller`) REFERENCES `users` (`u_id`) ON DELETE NO ACTION ON UPDATE NO ACTION,
  ADD CONSTRAINT `fk_tcards_users_stu` FOREIGN KEY (`tc_stucontroller`) REFERENCES `users` (`u_id`) ON DELETE NO ACTION ON UPDATE NO ACTION,
  ADD CONSTRAINT `fk_tcards_vans1` FOREIGN KEY (`v_id`) REFERENCES `vans` (`v_id`) ON DELETE NO ACTION ON UPDATE NO ACTION,
  ADD CONSTRAINT `fk_tcards_van_types1` FOREIGN KEY (`vt_id`) REFERENCES `van_types` (`vt_id`) ON DELETE NO ACTION ON UPDATE NO ACTION;

--
-- Constraints for table `tcards_exit_passes`
--
ALTER TABLE `tcards_exit_passes`
  ADD CONSTRAINT `fk_tcards_exit_passes_exit_passes1` FOREIGN KEY (`e_id`) REFERENCES `exit_passes` (`e_id`) ON DELETE NO ACTION ON UPDATE NO ACTION,
  ADD CONSTRAINT `fk_tcards_exit_passes_tcards1` FOREIGN KEY (`tc_id`) REFERENCES `tcards` (`tc_id`) ON DELETE NO ACTION ON UPDATE NO ACTION;

--
-- Constraints for table `tcards_history`
--
ALTER TABLE `tcards_history`
  ADD CONSTRAINT `fk_tcards_history_tcards` FOREIGN KEY (`tc_id`) REFERENCES `tcards` (`tc_id`) ON DELETE NO ACTION ON UPDATE CASCADE;

--
-- Constraints for table `tcard_incoming_materials`
--
ALTER TABLE `tcard_incoming_materials`
  ADD CONSTRAINT `tcard_incoming_materials_incoming_materials_fkey` FOREIGN KEY (`im_id`) REFERENCES `incoming_materials` (`im_id`) ON DELETE NO ACTION ON UPDATE NO ACTION,
  ADD CONSTRAINT `tcard_incoming_materials_tcard_fkey` FOREIGN KEY (`tc_id`) REFERENCES `tcards` (`tc_id`) ON DELETE NO ACTION ON UPDATE CASCADE;

--
-- Constraints for table `tcard_outgoing_materials`
--
ALTER TABLE `tcard_outgoing_materials`
  ADD CONSTRAINT `tcard_outgoing_materials_materials_fkey` FOREIGN KEY (`m_id`) REFERENCES `materials` (`m_id`) ON DELETE NO ACTION ON UPDATE NO ACTION,
  ADD CONSTRAINT `tcard_outgoing_materials_tcards_fkey` FOREIGN KEY (`tc_id`) REFERENCES `tcards` (`tc_id`) ON DELETE NO ACTION ON UPDATE CASCADE;

--
-- Constraints for table `tcard_position`
--
ALTER TABLE `tcard_position`
  ADD CONSTRAINT `fk_tcard_position_tcards` FOREIGN KEY (`tc_id`) REFERENCES `tcards` (`tc_id`) ON DELETE NO ACTION ON UPDATE CASCADE;

--
-- Constraints for table `tcard_types`
--
ALTER TABLE `tcard_types`
  ADD CONSTRAINT `fk_tcard_types_tcard_type_group` FOREIGN KEY (`ttg_id`) REFERENCES `tcard_type_group` (`ttg_id`) ON DELETE NO ACTION ON UPDATE NO ACTION;

/*!40101 SET CHARACTER_SET_CLIENT=@OLD_CHARACTER_SET_CLIENT */;
/*!40101 SET CHARACTER_SET_RESULTS=@OLD_CHARACTER_SET_RESULTS */;
/*!40101 SET COLLATION_CONNECTION=@OLD_COLLATION_CONNECTION */;
